Pong,,,,
Episode Number,Episode Steps,Reward,Score,Epsilon
0,911,-21,-21,0.998178
1,930,-20,-20,0.996318
2,942,-21,-21,0.994434
3,783,-21,-21,0.992868
4,974,-21,-21,0.99092
5,941,-20,-20,0.989038
6,1078,-20,-20,0.986882
7,888,-21,-21,0.985106
8,931,-21,-21,0.983244
9,989,-20,-20,0.981266
10,792,-21,-21,0.979682
11,783,-21,-21,0.978116
12,912,-21,-21,0.976292
13,884,-21,-21,0.974524
14,964,-20,-20,0.972596
15,950,-20,-20,0.970696
16,838,-20,-20,0.96902
17,792,-21,-21,0.967436
18,1030,-21,-21,0.965376
19,932,-21,-21,0.963512
20,842,-20,-20,0.961828
21,1020,-20,-20,0.959788
22,872,-20,-20,0.958044
23,1044,-19,-19,0.955956
24,963,-20,-20,0.95403
25,1178,-20,-20,0.951674
26,1097,-19,-19,0.94948
27,1053,-19,-19,0.947374
28,882,-21,-21,0.94561
29,899,-21,-21,0.943812
30,1071,-20,-20,0.94167
31,994,-19,-19,0.939682
32,842,-20,-20,0.937998
33,932,-20,-20,0.936134
34,1146,-18,-18,0.933842
35,1011,-19,-19,0.93182
36,764,-21,-21,0.930292
37,883,-21,-21,0.928526
38,872,-20,-20,0.926782
39,993,-20,-20,0.924796
40,965,-21,-21,0.922866
41,1062,-21,-21,0.920742
42,884,-21,-21,0.918974
43,855,-21,-21,0.917264
44,1062,-19,-19,0.91514
45,1009,-20,-20,0.913122
46,792,-21,-21,0.911538
47,824,-21,-21,0.90989
48,938,-20,-20,0.908014
49,970,-21,-21,0.906074
50,861,-21,-21,0.904352
51,932,-21,-21,0.902488
52,920,-21,-21,0.900648
53,824,-21,-21,0.899
54,852,-21,-21,0.897296
55,951,-20,-20,0.895394
56,1007,-20,-20,0.89338
57,931,-20,-20,0.891518
58,824,-21,-21,0.88987
59,979,-20,-20,0.887912
60,852,-21,-21,0.886208
61,1061,-20,-20,0.884086
62,844,-21,-21,0.882398
63,1057,-19,-19,0.880284
64,826,-21,-21,0.878632
65,824,-21,-21,0.876984
66,792,-21,-21,0.8754
67,937,-19,-19,0.873526
68,872,-20,-20,0.871782
69,924,-21,-21,0.869934
70,973,-21,-21,0.867988
71,912,-21,-21,0.866164
72,848,-21,-21,0.864468
73,838,-20,-20,0.862792
74,852,-21,-21,0.861088
75,997,-21,-21,0.859094
76,963,-20,-20,0.857168
77,841,-21,-21,0.855486
78,842,-20,-20,0.853802
79,764,-21,-21,0.852274
80,972,-19,-19,0.85033
81,957,-21,-21,0.848416
82,945,-21,-21,0.846526
83,842,-20,-20,0.844842
84,898,-21,-21,0.843046
85,852,-21,-21,0.841342
86,887,-20,-20,0.839568
87,844,-21,-21,0.83788
88,848,-21,-21,0.836184
89,824,-21,-21,0.834536
90,867,-21,-21,0.832802
91,844,-21,-21,0.831114
92,919,-20,-20,0.829276
93,826,-21,-21,0.827624
94,870,-20,-20,0.825884
95,912,-21,-21,0.82406
96,992,-20,-20,0.822076
97,792,-21,-21,0.820492
98,1163,-19,-19,0.818166
99,1049,-21,-21,0.816068
100,764,-21,-21,0.81454
101,976,-21,-21,0.812588
102,982,-21,-21,0.810624
103,820,-21,-21,0.808984
104,982,-20,-20,0.80702
105,782,-21,-21,0.805456
106,980,-20,-20,0.803496
107,764,-21,-21,0.801968
108,1020,-20,-20,0.799928
109,1045,-19,-19,0.797838
110,888,-21,-21,0.796062
111,940,-21,-21,0.794182
112,854,-21,-21,0.792474
113,870,-20,-20,0.790734
114,964,-21,-21,0.788806
115,792,-21,-21,0.787222
116,961,-21,-21,0.7853
117,811,-21,-21,0.783678
118,998,-19,-19,0.781682
119,914,-21,-21,0.779854
120,764,-21,-21,0.778326
121,764,-21,-21,0.776798
122,1058,-20,-20,0.774682
123,948,-20,-20,0.772786
124,1008,-19,-19,0.77077
125,886,-21,-21,0.768998
126,930,-20,-20,0.767138
127,824,-21,-21,0.76549
128,885,-21,-21,0.76372
129,792,-21,-21,0.762136
130,952,-20,-20,0.760232
131,944,-19,-19,0.758344
132,824,-21,-21,0.756696
133,970,-21,-21,0.754756
134,866,-20,-20,0.753024
135,1096,-19,-19,0.750832
136,793,-21,-21,0.749246
137,1110,-20,-20,0.747026
138,1060,-18,-18,0.744906
139,811,-21,-21,0.743284
140,802,-21,-21,0.74168
141,1071,-19,-19,0.739538
142,871,-20,-20,0.737796
143,972,-21,-21,0.735852
144,924,-20,-20,0.734004
145,918,-20,-20,0.732168
146,783,-21,-21,0.730602
147,764,-21,-21,0.729074
148,1087,-20,-20,0.7269
149,854,-21,-21,0.725192
150,973,-19,-19,0.723246
151,824,-21,-21,0.721598
152,932,-21,-21,0.719734
153,992,-21,-21,0.71775
154,870,-20,-20,0.71601
155,942,-21,-21,0.714126
156,983,-19,-19,0.71216
157,764,-21,-21,0.710632
158,1105,-18,-18,0.708422
159,783,-21,-21,0.706856
160,1065,-21,-21,0.704726
161,1036,-20,-20,0.702654
162,1191,-18,-18,0.700272
163,991,-20,-20,0.69829
164,1128,-18,-18,0.696034
165,842,-20,-20,0.69435
166,870,-21,-21,0.69261
167,870,-20,-20,0.69087
168,870,-20,-20,0.68913
169,977,-20,-20,0.687176
170,852,-21,-21,0.685472
171,824,-21,-21,0.683824
172,894,-21,-21,0.682036
173,824,-21,-21,0.680388
174,1127,-20,-20,0.678134
175,826,-21,-21,0.676482
176,814,-21,-21,0.674854
177,886,-21,-21,0.673082
178,826,-21,-21,0.67143
179,843,-20,-20,0.669744
180,908,-21,-21,0.667928
181,914,-21,-21,0.6661
182,859,-20,-20,0.664382
183,872,-21,-21,0.662638
184,882,-21,-21,0.660874
185,944,-21,-21,0.658986
186,974,-21,-21,0.657038
187,913,-20,-20,0.655212
188,994,-20,-20,0.653224
189,1006,-20,-20,0.651212
190,965,-20,-20,0.649282
191,998,-20,-20,0.647286
192,835,-21,-21,0.645616
193,1161,-20,-20,0.643294
194,820,-21,-21,0.641654
195,999,-20,-20,0.639656
196,820,-21,-21,0.638016
197,916,-21,-21,0.636184
198,1004,-21,-21,0.634176
199,840,-21,-21,0.632496
200,997,-19,-19,0.630502
201,792,-21,-21,0.628918
202,902,-20,-20,0.627114
203,910,-21,-21,0.625294
204,929,-20,-20,0.623436
205,899,-20,-20,0.621638
206,1027,-19,-19,0.619584
207,1010,-20,-20,0.617564
208,1196,-18,-18,0.615172
209,981,-20,-20,0.61321
210,843,-20,-20,0.611524
211,931,-21,-21,0.609662
212,962,-21,-21,0.607738
213,1025,-20,-20,0.605688
214,964,-21,-21,0.60376
215,899,-21,-21,0.601962
216,843,-20,-20,0.600276
217,852,-21,-21,0.598572
218,912,-21,-21,0.596748
219,783,-21,-21,0.595182
220,1113,-20,-20,0.592956
221,826,-21,-21,0.591304
222,909,-21,-21,0.589486
223,843,-20,-20,0.5878
224,870,-20,-20,0.58606
225,1076,-18,-18,0.583908
226,1100,-20,-20,0.581708
227,948,-19,-19,0.579812
228,1011,-21,-21,0.57779
229,995,-19,-19,0.5758
230,933,-21,-21,0.573934
231,792,-21,-21,0.57235
232,914,-21,-21,0.570522
233,902,-20,-20,0.568718
234,1043,-19,-19,0.566632
235,783,-21,-21,0.565066
236,822,-21,-21,0.563422
237,872,-21,-21,0.561678
238,1107,-19,-19,0.559464
239,890,-21,-21,0.557684
240,898,-21,-21,0.555888
241,764,-21,-21,0.55436
242,981,-21,-21,0.552398
243,987,-21,-21,0.550424
244,905,-21,-21,0.548614
245,938,-20,-20,0.546738
246,1101,-20,-20,0.544536
247,914,-21,-21,0.542708
248,884,-21,-21,0.54094
249,824,-21,-21,0.539292
250,984,-19,-19,0.537324
251,852,-21,-21,0.53562
252,1007,-20,-20,0.533606
253,1073,-21,-21,0.53146
254,999,-20,-20,0.529462
255,944,-21,-21,0.527574
256,903,-21,-21,0.525768
257,842,-20,-20,0.524084
258,975,-20,-20,0.522134
259,854,-21,-21,0.520426
260,1043,-20,-20,0.51834
261,838,-20,-20,0.516664
262,949,-19,-19,0.514766
263,884,-21,-21,0.512998
264,1116,-19,-19,0.510766
265,842,-20,-20,0.509082
266,1067,-20,-20,0.506948
267,970,-21,-21,0.505008
268,987,-20,-20,0.503034
269,884,-21,-21,0.501266
270,887,-20,-20,0.499492
271,852,-21,-21,0.497788
272,1241,-19,-19,0.495306
273,820,-21,-21,0.493666
274,811,-21,-21,0.492044
275,882,-21,-21,0.49028
276,820,-21,-21,0.48864
277,792,-21,-21,0.487056
278,842,-20,-20,0.485372
279,764,-21,-21,0.483844
280,970,-21,-21,0.481904
281,947,-20,-20,0.48001
282,970,-21,-21,0.47807
283,1089,-20,-20,0.475892
284,945,-21,-21,0.474002
285,792,-21,-21,0.472418
286,904,-21,-21,0.47061
287,973,-21,-21,0.468664
288,965,-20,-20,0.466734
289,764,-21,-21,0.465206
290,811,-21,-21,0.463584
291,1118,-19,-19,0.461348
292,824,-21,-21,0.4597
293,884,-21,-21,0.457932
294,843,-21,-21,0.456246
295,783,-21,-21,0.45468
296,913,-21,-21,0.452854
297,948,-21,-21,0.450958
298,792,-21,-21,0.449374
299,1019,-20,-20,0.447336
300,1084,-19,-19,0.445168
301,919,-20,-20,0.44333
302,811,-21,-21,0.441708
303,912,-21,-21,0.439884
304,1198,-18,-18,0.437488
305,1007,-20,-20,0.435474
306,939,-20,-20,0.433596
307,1042,-19,-19,0.431512
308,764,-21,-21,0.429984
309,1023,-21,-21,0.427938
310,764,-21,-21,0.42641
311,907,-20,-20,0.424596
312,983,-21,-21,0.42263
313,793,-21,-21,0.421044
314,1080,-20,-20,0.418884
315,842,-20,-20,0.4172
316,964,-21,-21,0.415272
317,948,-20,-20,0.413376
318,852,-21,-21,0.411672
319,899,-21,-21,0.409874
320,916,-20,-20,0.408042
321,950,-20,-20,0.406142
322,840,-21,-21,0.404462
323,811,-21,-21,0.40284
324,928,-21,-21,0.400984
325,1021,-20,-20,0.398942
326,824,-21,-21,0.397294
327,783,-21,-21,0.395728
328,1138,-18,-18,0.393452
329,1071,-19,-19,0.39131
330,848,-21,-21,0.389614
331,1021,-21,-21,0.387572
332,903,-20,-20,0.385766
333,1060,-20,-20,0.383646
334,985,-21,-21,0.381676
335,812,-21,-21,0.380052
336,902,-20,-20,0.378248
337,888,-20,-20,0.376472
338,902,-20,-20,0.374668
339,921,-20,-20,0.372826
340,1027,-19,-19,0.370772
341,854,-21,-21,0.369064
342,1030,-20,-20,0.367004
343,949,-19,-19,0.365106
344,871,-20,-20,0.363364
345,1073,-20,-20,0.361218
346,986,-20,-20,0.359246
347,993,-21,-21,0.35726
348,907,-21,-21,0.355446
349,854,-21,-21,0.353738
350,824,-21,-21,0.35209
351,1023,-20,-20,0.350044
352,946,-21,-21,0.348152
353,1012,-19,-19,0.346128
354,1215,-19,-19,0.343698
355,764,-21,-21,0.34217
356,826,-21,-21,0.340518
357,912,-21,-21,0.338694
358,919,-20,-20,0.336856
359,764,-21,-21,0.335328
360,968,-19,-19,0.333392
361,980,-19,-19,0.331432
362,917,-20,-20,0.329598
363,825,-21,-21,0.327948
364,933,-20,-20,0.326082
365,880,-20,-20,0.324322
366,849,-21,-21,0.322624
367,838,-20,-20,0.320948
368,792,-21,-21,0.319364
369,861,-20,-20,0.317642
370,811,-21,-21,0.31602
371,1009,-20,-20,0.314002
372,954,-20,-20,0.312094
373,859,-21,-21,0.310376
374,866,-20,-20,0.308644
375,933,-20,-20,0.306778
376,886,-21,-21,0.305006
377,792,-21,-21,0.303422
378,849,-21,-21,0.301724
379,881,-21,-21,0.299962
380,852,-21,-21,0.298258
381,965,-19,-19,0.296328
382,902,-20,-20,0.294524
383,792,-21,-21,0.29294
384,888,-20,-20,0.291164
385,914,-21,-21,0.289336
386,884,-21,-21,0.287568
387,905,-21,-21,0.285758
388,869,-21,-21,0.28402
389,1185,-18,-18,0.28165
390,792,-21,-21,0.280066
391,843,-20,-20,0.27838
392,991,-20,-20,0.276398
393,764,-21,-21,0.27487
394,764,-21,-21,0.273342
395,792,-21,-21,0.271758
396,933,-21,-21,0.269892
397,812,-21,-21,0.268268
398,973,-21,-21,0.266322
399,1061,-19,-19,0.2642
400,824,-21,-21,0.262552
401,854,-21,-21,0.260844
402,852,-21,-21,0.25914
403,812,-21,-21,0.257516
404,977,-20,-20,0.255562
405,1055,-19,-19,0.253452
406,898,-20,-20,0.251656
407,884,-21,-21,0.249888
408,1065,-21,-21,0.247758
409,882,-21,-21,0.245994
410,940,-21,-21,0.244114
411,783,-21,-21,0.242548
412,1072,-20,-20,0.240404
413,998,-19,-19,0.238408
414,944,-19,-19,0.23652
415,889,-20,-20,0.234742
416,871,-20,-20,0.233
417,940,-19,-19,0.23112
418,991,-21,-21,0.229138
419,977,-19,-19,0.227184
420,1068,-20,-20,0.225048
421,974,-20,-20,0.2231
422,764,-21,-21,0.221572
423,764,-21,-21,0.220044
424,1057,-19,-19,0.21793
425,927,-20,-20,0.216076
426,764,-21,-21,0.214548
427,1062,-18,-18,0.212424
428,792,-21,-21,0.21084
429,996,-19,-19,0.208848
430,783,-21,-21,0.207282
431,889,-21,-21,0.205504
432,1120,-18,-18,0.203264
433,872,-21,-21,0.20152
434,856,-20,-20,0.199808
435,848,-21,-21,0.198112
436,948,-21,-21,0.196216
437,1019,-20,-20,0.194178
438,764,-21,-21,0.19265
439,838,-20,-20,0.190974
440,764,-21,-21,0.189446
441,903,-21,-21,0.18764
442,852,-21,-21,0.185936
443,824,-21,-21,0.184288
444,909,-21,-21,0.18247
445,842,-20,-20,0.180786
446,1180,-19,-19,0.178426
447,826,-21,-21,0.176774
448,965,-20,-20,0.174844
449,842,-20,-20,0.17316
450,1043,-20,-20,0.171074
451,824,-21,-21,0.169426
452,783,-21,-21,0.16786
453,940,-21,-21,0.16598
454,873,-21,-21,0.164234
455,934,-20,-20,0.162366
456,949,-20,-20,0.160468
457,852,-21,-21,0.158764
458,792,-21,-21,0.15718
459,1062,-21,-21,0.155056
460,916,-21,-21,0.153224
461,852,-21,-21,0.15152
462,1193,-18,-18,0.149134
463,956,-20,-20,0.147222
464,798,-21,-21,0.145626
465,960,-21,-21,0.143706
466,882,-21,-21,0.141942
467,793,-21,-21,0.140356
468,862,-21,-21,0.138632
469,879,-20,-20,0.136874
470,904,-21,-21,0.135066
471,1036,-20,-20,0.132994
472,870,-20,-20,0.131254
473,912,-20,-20,0.12943
474,824,-21,-21,0.127782
475,881,-21,-21,0.12602
476,866,-20,-20,0.124288
477,826,-21,-21,0.122636
478,843,-21,-21,0.12095
479,857,-20,-20,0.119236
480,1082,-20,-20,0.117072
481,979,-19,-19,0.115114
482,904,-20,-20,0.113306
483,1071,-20,-20,0.111164
484,916,-21,-21,0.109332
485,1116,-19,-19,0.1071
486,840,-21,-21,0.10542
487,904,-20,-20,0.103612
488,866,-20,-20,0.10188
489,838,-20,-20,0.100204
490,838,-20,-20,0.098528
491,966,-21,-21,0.096596
492,1064,-21,-21,0.094468
493,1002,-21,-21,0.092464
494,838,-20,-20,0.090788
495,1023,-21,-21,0.088742
496,1041,-19,-19,0.08666
497,917,-20,-20,0.084826
498,838,-20,-20,0.08315
499,1355,-19,-19,0.08044
500,1023,-21,-21,0.078394
501,866,-20,-20,0.076662
502,871,-20,-20,0.07492
503,940,-21,-21,0.07304
504,838,-20,-20,0.071364
505,948,-21,-21,0.069468
506,1060,-19,-19,0.067348
507,988,-20,-20,0.065372
508,838,-20,-20,0.063696
509,913,-20,-20,0.06187
510,963,-20,-20,0.059944
511,1009,-19,-19,0.057926
512,1039,-20,-20,0.055848
513,981,-19,-19,0.053886
514,899,-20,-20,0.052088
515,1068,-19,-19,0.05
516,1084,-19,-19,0.05
517,988,-20,-20,0.05
518,994,-19,-19,0.05
519,826,-21,-21,0.05
520,968,-21,-21,0.05
521,926,-20,-20,0.05
522,842,-20,-20,0.05
523,937,-19,-19,0.05
524,962,-19,-19,0.05
525,1037,-20,-20,0.05
526,1056,-21,-21,0.05
527,1134,-19,-19,0.05
528,1003,-21,-21,0.05
529,1009,-19,-19,0.05
530,1109,-19,-19,0.05
531,960,-21,-21,0.05
532,1052,-20,-20,0.05
533,916,-21,-21,0.05
534,792,-21,-21,0.05
535,1201,-18,-18,0.05
536,942,-21,-21,0.05
537,1049,-21,-21,0.05
538,1141,-17,-17,0.05
539,1179,-19,-19,0.05
540,1070,-19,-19,0.05
541,926,-20,-20,0.05
542,1010,-19,-19,0.05
543,899,-20,-20,0.05
544,1015,-20,-20,0.05
545,956,-20,-20,0.05
546,926,-20,-20,0.05
547,977,-19,-19,0.05
548,948,-21,-21,0.05
549,977,-20,-20,0.05
550,999,-19,-19,0.05
551,1051,-20,-20,0.05
552,889,-20,-20,0.05
553,1144,-21,-21,0.05
554,1162,-21,-21,0.05
555,936,-19,-19,0.05
556,949,-19,-19,0.05
557,1113,-19,-19,0.05
558,903,-20,-20,0.05
559,871,-20,-20,0.05
560,1036,-19,-19,0.05
561,1128,-20,-20,0.05
562,1127,-20,-20,0.05
563,917,-20,-20,0.05
564,932,-21,-21,0.05
565,764,-21,-21,0.05
566,965,-19,-19,0.05
567,898,-20,-20,0.05
568,1087,-19,-19,0.05
569,1078,-19,-19,0.05
570,854,-21,-21,0.05
571,903,-20,-20,0.05
572,898,-20,-20,0.05
573,1055,-20,-20,0.05
574,870,-20,-20,0.05
575,1017,-20,-20,0.05
576,842,-20,-20,0.05
577,963,-20,-20,0.05
578,931,-20,-20,0.05
579,1022,-20,-20,0.05
580,1042,-20,-20,0.05
581,966,-19,-19,0.05
582,1027,-19,-19,0.05
583,853,-21,-21,0.05
584,1040,-21,-21,0.05
585,1069,-20,-20,0.05
586,931,-20,-20,0.05
587,1109,-20,-20,0.05
588,1130,-21,-21,0.05
589,842,-20,-20,0.05
590,1010,-19,-19,0.05
591,955,-20,-20,0.05
592,1086,-19,-19,0.05
593,991,-19,-19,0.05
594,1209,-17,-17,0.05
595,931,-20,-20,0.05
596,1106,-18,-18,0.05
597,1144,-18,-18,0.05
598,1242,-19,-19,0.05
599,1032,-20,-20,0.05
600,913,-20,-20,0.05
601,1085,-19,-19,0.05
602,1048,-21,-21,0.05
603,870,-20,-20,0.05
604,1003,-20,-20,0.05
605,870,-20,-20,0.05
606,1163,-21,-21,0.05
607,903,-20,-20,0.05
608,960,-20,-20,0.05
609,931,-20,-20,0.05
610,999,-19,-19,0.05
611,870,-20,-20,0.05
612,1150,-17,-17,0.05
613,1004,-19,-19,0.05
614,1134,-19,-19,0.05
615,842,-20,-20,0.05
616,1168,-18,-18,0.05
617,960,-20,-20,0.05
618,1054,-20,-20,0.05
619,982,-19,-19,0.05
620,1112,-20,-20,0.05
621,1245,-20,-20,0.05
622,1171,-20,-20,0.05
623,838,-20,-20,0.05
624,1038,-19,-19,0.05
625,870,-20,-20,0.05
626,1040,-19,-19,0.05
627,909,-20,-20,0.05
628,866,-20,-20,0.05
629,1061,-19,-19,0.05
630,1305,-18,-18,0.05
631,1211,-18,-18,0.05
632,913,-21,-21,0.05
633,1145,-20,-20,0.05
634,1114,-18,-18,0.05
635,921,-20,-20,0.05
636,1189,-20,-20,0.05
637,959,-20,-20,0.05
638,842,-20,-20,0.05
639,1048,-20,-20,0.05
640,1015,-19,-19,0.05
641,1386,-16,-16,0.05
642,1022,-19,-19,0.05
643,1240,-17,-17,0.05
644,1141,-20,-20,0.05
645,1021,-20,-20,0.05
646,1030,-19,-19,0.05
647,1083,-20,-20,0.05
648,1109,-20,-20,0.05
649,1086,-19,-19,0.05
650,994,-19,-19,0.05
651,887,-20,-20,0.05
652,1059,-19,-19,0.05
653,889,-20,-20,0.05
654,1112,-18,-18,0.05
655,900,-20,-20,0.05
656,842,-20,-20,0.05
657,962,-20,-20,0.05
658,953,-20,-20,0.05
659,1086,-19,-19,0.05
660,1089,-18,-18,0.05
661,903,-20,-20,0.05
662,993,-19,-19,0.05
663,1043,-20,-20,0.05
664,1325,-19,-19,0.05
665,950,-21,-21,0.05
666,986,-19,-19,0.05
667,950,-20,-20,0.05
668,997,-19,-19,0.05
669,1253,-18,-18,0.05
670,1169,-19,-19,0.05
671,1144,-20,-20,0.05
672,1143,-20,-20,0.05
673,838,-20,-20,0.05
674,1262,-18,-18,0.05
675,1151,-19,-19,0.05
676,974,-20,-20,0.05
677,1281,-17,-17,0.05
678,871,-20,-20,0.05
679,898,-20,-20,0.05
680,1201,-18,-18,0.05
681,1481,-18,-18,0.05
682,1190,-18,-18,0.05
683,1106,-18,-18,0.05
684,1003,-19,-19,0.05
685,964,-20,-20,0.05
686,1010,-19,-19,0.05
687,1115,-18,-18,0.05
688,1041,-20,-20,0.05
689,934,-21,-21,0.05
690,1246,-19,-19,0.05
691,1112,-18,-18,0.05
692,1121,-19,-19,0.05
693,978,-19,-19,0.05
694,996,-21,-21,0.05
695,1239,-18,-18,0.05
696,1128,-20,-20,0.05
697,1089,-20,-20,0.05
698,1152,-18,-18,0.05
699,1052,-19,-19,0.05
700,1244,-19,-19,0.05
701,902,-20,-20,0.05
702,949,-20,-20,0.05
703,902,-20,-20,0.05
704,1328,-18,-18,0.05
705,1162,-19,-19,0.05
706,1409,-18,-18,0.05
707,1264,-20,-20,0.05
708,991,-20,-20,0.05
709,1234,-18,-18,0.05
710,1050,-20,-20,0.05
711,1168,-20,-20,0.05
712,928,-20,-20,0.05
713,1103,-19,-19,0.05
714,1151,-18,-18,0.05
715,1301,-18,-18,0.05
716,987,-20,-20,0.05
717,903,-20,-20,0.05
718,1067,-20,-20,0.05
719,997,-21,-21,0.05
720,1093,-19,-19,0.05
721,1321,-18,-18,0.05
722,987,-20,-20,0.05
723,1076,-19,-19,0.05
724,1030,-20,-20,0.05
725,1083,-21,-21,0.05
726,1004,-19,-19,0.05
727,1005,-20,-20,0.05
728,1036,-19,-19,0.05
729,1300,-19,-19,0.05
730,1015,-20,-20,0.05
731,1176,-18,-18,0.05
732,1060,-19,-19,0.05
733,903,-20,-20,0.05
734,1117,-18,-18,0.05
735,1336,-19,-19,0.05
736,932,-20,-20,0.05
737,1195,-20,-20,0.05
738,1136,-20,-20,0.05
739,1138,-18,-18,0.05
740,1366,-21,-21,0.05
741,1005,-19,-19,0.05
742,1446,-16,-16,0.05
743,1106,-18,-18,0.05
744,1224,-19,-19,0.05
745,1063,-20,-20,0.05
746,1303,-18,-18,0.05
747,1133,-19,-19,0.05
748,1021,-20,-20,0.05
749,1227,-16,-16,0.05
750,1158,-18,-18,0.05
751,1032,-19,-19,0.05
752,932,-20,-20,0.05
753,1320,-19,-19,0.05
754,922,-20,-20,0.05
755,1201,-19,-19,0.05
756,1208,-19,-19,0.05
757,976,-19,-19,0.05
758,1088,-19,-19,0.05
759,1122,-19,-19,0.05
760,1340,-18,-18,0.05
761,899,-20,-20,0.05
762,842,-20,-20,0.05
763,1474,-17,-17,0.05
764,1167,-18,-18,0.05
765,1296,-18,-18,0.05
766,1040,-19,-19,0.05
767,903,-20,-20,0.05
768,1057,-20,-20,0.05
769,1127,-19,-19,0.05
770,1208,-18,-18,0.05
771,958,-20,-20,0.05
772,1068,-18,-18,0.05
773,1144,-18,-18,0.05
774,948,-19,-19,0.05
775,1319,-19,-19,0.05
776,1004,-19,-19,0.05
777,1332,-18,-18,0.05
778,1197,-19,-19,0.05
779,1210,-19,-19,0.05
780,1243,-19,-19,0.05
781,1115,-19,-19,0.05
782,1586,-16,-16,0.05
783,1205,-18,-18,0.05
784,1566,-17,-17,0.05
785,1205,-18,-18,0.05
786,1106,-18,-18,0.05
787,1057,-20,-20,0.05
788,1378,-17,-17,0.05
789,1267,-18,-18,0.05
790,1268,-19,-19,0.05
791,932,-20,-20,0.05
792,1197,-20,-20,0.05
793,1106,-19,-19,0.05
794,1289,-20,-20,0.05
795,1472,-17,-17,0.05
796,1591,-16,-16,0.05
797,1224,-19,-19,0.05
798,1413,-19,-19,0.05
799,1006,-19,-19,0.05
800,1060,-19,-19,0.05
801,1155,-19,-19,0.05
802,1000,-19,-19,0.05
803,1068,-19,-19,0.05
804,1243,-17,-17,0.05
805,959,-20,-20,0.05
806,1148,-18,-18,0.05
807,899,-20,-20,0.05
808,1183,-19,-19,0.05
809,1285,-18,-18,0.05
810,1156,-20,-20,0.05
811,1299,-18,-18,0.05
812,1407,-17,-17,0.05
813,1094,-19,-19,0.05
814,1434,-16,-16,0.05
815,1217,-19,-19,0.05
816,1401,-18,-18,0.05
817,1651,-18,-18,0.05
818,1189,-20,-20,0.05
819,1342,-18,-18,0.05
820,1261,-17,-17,0.05
821,1436,-19,-19,0.05
822,1179,-18,-18,0.05
823,1596,-18,-18,0.05
824,1264,-17,-17,0.05
825,1307,-17,-17,0.05
826,1257,-20,-20,0.05
827,1519,-16,-16,0.05
828,1227,-20,-20,0.05
829,1236,-19,-19,0.05
830,1161,-18,-18,0.05
831,1429,-17,-17,0.05
832,916,-20,-20,0.05
833,1285,-18,-18,0.05
834,1318,-16,-16,0.05
835,1344,-17,-17,0.05
836,1435,-16,-16,0.05
837,1134,-18,-18,0.05
838,988,-19,-19,0.05
839,1678,-15,-15,0.05
840,1267,-17,-17,0.05
841,1148,-19,-19,0.05
842,1532,-18,-18,0.05
843,1590,-13,-13,0.05
844,1294,-18,-18,0.05
845,1342,-17,-17,0.05
846,1406,-18,-18,0.05
847,1500,-17,-17,0.05
848,1284,-17,-17,0.05
849,1532,-15,-15,0.05
850,1334,-17,-17,0.05
851,1248,-18,-18,0.05
852,1591,-16,-16,0.05
853,1590,-15,-15,0.05
854,1269,-18,-18,0.05
855,1306,-17,-17,0.05
856,1504,-15,-15,0.05
857,1156,-19,-19,0.05
858,1011,-19,-19,0.05
859,1394,-16,-16,0.05
860,1482,-17,-17,0.05
861,1535,-14,-14,0.05
862,1351,-18,-18,0.05
863,1265,-17,-17,0.05
864,1119,-18,-18,0.05
865,1320,-17,-17,0.05
866,1601,-16,-16,0.05
867,1310,-20,-20,0.05
868,1147,-20,-20,0.05
869,1888,-15,-15,0.05
870,1487,-18,-18,0.05
871,1463,-15,-15,0.05
872,1468,-16,-16,0.05
873,1692,-16,-16,0.05
874,1428,-17,-17,0.05
875,1347,-18,-18,0.05
876,1448,-15,-15,0.05
877,1439,-19,-19,0.05
878,1352,-16,-16,0.05
879,1384,-16,-16,0.05
880,1285,-19,-19,0.05
881,1302,-17,-17,0.05
882,1227,-18,-18,0.05
883,1696,-14,-14,0.05
884,1581,-15,-15,0.05
885,1501,-16,-16,0.05
886,1441,-17,-17,0.05
887,1188,-18,-18,0.05
888,1562,-16,-16,0.05
889,1289,-16,-16,0.05
890,1389,-17,-17,0.05
891,1629,-16,-16,0.05
892,1691,-16,-16,0.05
893,1587,-16,-16,0.05
894,1506,-17,-17,0.05
895,1262,-17,-17,0.05
896,1580,-16,-16,0.05
897,1205,-18,-18,0.05
898,1536,-17,-17,0.05
899,1594,-16,-16,0.05
900,1633,-17,-17,0.05
901,1626,-14,-14,0.05
902,1289,-18,-18,0.05
903,1443,-17,-17,0.05
904,1536,-18,-18,0.05
905,1484,-16,-16,0.05
906,1384,-16,-16,0.05
907,1559,-17,-17,0.05
908,1358,-19,-19,0.05
909,1166,-19,-19,0.05
910,1394,-17,-17,0.05
911,1659,-16,-16,0.05
912,1314,-20,-20,0.05
913,1919,-14,-14,0.05
914,1358,-17,-17,0.05
915,1804,-15,-15,0.05
916,1423,-17,-17,0.05
917,1845,-16,-16,0.05
918,1758,-16,-16,0.05
919,1440,-17,-17,0.05
920,1627,-18,-18,0.05
921,1271,-17,-17,0.05
922,1296,-18,-18,0.05
923,1218,-19,-19,0.05
924,1619,-15,-15,0.05
925,1440,-18,-18,0.05
926,1388,-18,-18,0.05
927,1573,-17,-17,0.05
928,1724,-16,-16,0.05
929,1428,-17,-17,0.05
930,1446,-19,-19,0.05
931,1355,-18,-18,0.05
932,1490,-19,-19,0.05
933,1471,-17,-17,0.05
934,1600,-17,-17,0.05
935,1758,-16,-16,0.05
936,1990,-13,-13,0.05
937,1511,-16,-16,0.05
938,1250,-17,-17,0.05
939,1613,-18,-18,0.05
940,1703,-14,-14,0.05
941,1085,-19,-19,0.05
942,1478,-17,-17,0.05
943,1882,-15,-15,0.05
944,1239,-17,-17,0.05
945,1649,-16,-16,0.05
946,1654,-15,-15,0.05
947,1907,-14,-14,0.05
948,1715,-17,-17,0.05
949,1652,-15,-15,0.05
950,1081,-19,-19,0.05
951,1522,-18,-18,0.05
952,1708,-15,-15,0.05
953,1657,-16,-16,0.05
954,1513,-16,-16,0.05
955,1373,-17,-17,0.05
956,1677,-13,-13,0.05
957,1686,-14,-14,0.05
958,1807,-15,-15,0.05
959,1559,-15,-15,0.05
960,1881,-14,-14,0.05
961,1756,-16,-16,0.05
962,1357,-17,-17,0.05
963,1329,-18,-18,0.05
964,1631,-14,-14,0.05
965,1635,-16,-16,0.05
966,1702,-18,-18,0.05
967,1590,-15,-15,0.05
968,1714,-16,-16,0.05
969,1586,-15,-15,0.05
970,1499,-17,-17,0.05
971,2090,-12,-12,0.05
972,1541,-17,-17,0.05
973,1557,-16,-16,0.05
974,1747,-16,-16,0.05
975,1388,-17,-17,0.05
976,1185,-19,-19,0.05
977,1958,-12,-12,0.05
978,1282,-17,-17,0.05
979,1511,-14,-14,0.05
980,1295,-18,-18,0.05
981,1407,-17,-17,0.05
982,1340,-17,-17,0.05
983,1285,-16,-16,0.05
984,1735,-16,-16,0.05
985,1963,-15,-15,0.05
986,1757,-14,-14,0.05
987,1758,-14,-14,0.05
988,1402,-17,-17,0.05
989,1423,-17,-17,0.05
990,1865,-15,-15,0.05
991,1720,-14,-14,0.05
992,1631,-15,-15,0.05
993,1887,-13,-13,0.05
994,1978,-12,-12,0.05
995,1452,-17,-17,0.05
996,1638,-17,-17,0.05
997,1959,-12,-12,0.05
998,2128,-11,-11,0.05
999,1695,-14,-14,0.05
1000,1535,-17,-17,0.05
1001,1644,-17,-17,0.05
1002,1566,-16,-16,0.05
1003,1697,-13,-13,0.05
1004,1649,-15,-15,0.05
1005,1664,-16,-16,0.05
1006,1526,-15,-15,0.05
1007,1691,-16,-16,0.05
1008,1730,-15,-15,0.05
1009,1359,-18,-18,0.05
1010,1810,-14,-14,0.05
1011,2041,-16,-16,0.05
1012,1849,-13,-13,0.05
1013,2003,-13,-13,0.05
1014,1649,-16,-16,0.05
1015,1680,-15,-15,0.05
1016,1980,-13,-13,0.05
1017,1472,-18,-18,0.05
1018,2047,-15,-15,0.05
1019,1854,-13,-13,0.05
1020,1963,-13,-13,0.05
1021,2285,-12,-12,0.05
1022,2160,-13,-13,0.05
1023,1840,-15,-15,0.05
1024,2171,-12,-12,0.05
1025,1807,-15,-15,0.05
1026,1813,-14,-14,0.05
1027,1633,-17,-17,0.05
1028,1836,-13,-13,0.05
1029,2095,-13,-13,0.05
1030,1717,-15,-15,0.05
1031,1588,-17,-17,0.05
1032,1812,-16,-16,0.05
1033,1599,-14,-14,0.05
1034,1765,-15,-15,0.05
1035,1810,-12,-12,0.05
1036,1610,-16,-16,0.05
1037,1669,-13,-13,0.05
1038,1988,-12,-12,0.05
1039,2035,-16,-16,0.05
1040,1996,-14,-14,0.05
1041,1989,-13,-13,0.05
1042,2028,-12,-12,0.05
1043,1782,-13,-13,0.05
1044,1824,-15,-15,0.05
1045,1844,-12,-12,0.05
1046,1897,-12,-12,0.05
1047,2200,-10,-10,0.05
1048,1786,-15,-15,0.05
1049,1673,-16,-16,0.05
1050,1619,-16,-16,0.05
1051,1954,-14,-14,0.05
1052,2038,-15,-15,0.05
1053,2085,-10,-10,0.05
1054,1719,-14,-14,0.05
1055,2178,-13,-13,0.05
1056,1780,-13,-13,0.05
1057,2065,-11,-11,0.05
1058,1953,-15,-15,0.05
1059,1802,-14,-14,0.05
1060,2000,-14,-14,0.05
1061,2085,-14,-14,0.05
1062,1884,-11,-11,0.05
1063,2134,-11,-11,0.05
1064,1688,-16,-16,0.05
1065,1789,-16,-16,0.05
1066,2335,-9,-9,0.05
1067,1305,-19,-19,0.05
1068,2154,-11,-11,0.05
1069,1564,-16,-16,0.05
1070,1740,-15,-15,0.05
1071,1641,-16,-16,0.05
1072,1494,-19,-19,0.05
1073,1772,-14,-14,0.05
1074,2063,-14,-14,0.05
1075,1996,-13,-13,0.05
1076,1850,-15,-15,0.05
1077,2154,-10,-10,0.05
1078,1967,-12,-12,0.05
1079,2162,-12,-12,0.05
1080,1902,-15,-15,0.05
1081,1822,-16,-16,0.05
1082,1949,-12,-12,0.05
1083,1714,-15,-15,0.05
1084,1923,-13,-13,0.05
1085,1963,-15,-15,0.05
1086,1604,-17,-17,0.05
1087,2010,-11,-11,0.05
1088,1285,-18,-18,0.05
1089,1481,-16,-16,0.05
1090,1610,-15,-15,0.05
1091,1981,-15,-15,0.05
1092,2004,-13,-13,0.05
1093,1630,-16,-16,0.05
1094,1742,-15,-15,0.05
1095,1756,-15,-15,0.05
1096,2111,-13,-13,0.05
1097,1821,-15,-15,0.05
1098,1935,-11,-11,0.05
1099,1818,-16,-16,0.05
1100,2192,-12,-12,0.05
1101,2374,-7,-7,0.05
1102,1907,-15,-15,0.05
1103,1959,-11,-11,0.05
1104,2286,-10,-10,0.05
1105,1608,-14,-14,0.05
1106,2224,-11,-11,0.05
1107,1995,-12,-12,0.05
1108,2325,-9,-9,0.05
1109,1898,-13,-13,0.05
1110,1984,-14,-14,0.05
1111,1513,-17,-17,0.05
1112,2025,-12,-12,0.05
1113,1628,-15,-15,0.05
1114,1888,-15,-15,0.05
1115,1827,-16,-16,0.05
1116,1674,-16,-16,0.05
1117,2144,-11,-11,0.05
1118,1754,-14,-14,0.05
1119,1915,-11,-11,0.05
1120,1879,-14,-14,0.05
1121,1872,-13,-13,0.05
1122,1991,-12,-12,0.05
1123,1767,-13,-13,0.05
1124,1742,-13,-13,0.05
1125,1520,-18,-18,0.05
1126,2063,-10,-10,0.05
1127,2077,-12,-12,0.05
1128,1840,-14,-14,0.05
1129,1600,-14,-14,0.05
1130,1827,-15,-15,0.05
1131,1507,-16,-16,0.05
1132,2229,-11,-11,0.05
1133,1886,-13,-13,0.05
1134,1947,-11,-11,0.05
1135,2107,-11,-11,0.05
1136,1933,-14,-14,0.05
1137,1681,-14,-14,0.05
1138,1805,-13,-13,0.05
1139,1771,-15,-15,0.05
1140,2227,-10,-10,0.05
1141,2484,-7,-7,0.05
1142,1781,-14,-14,0.05
1143,2338,-9,-9,0.05
1144,2454,-8,-8,0.05
1145,2221,-10,-10,0.05
1146,2504,-7,-7,0.05
1147,2298,-9,-9,0.05
1148,2026,-10,-10,0.05
1149,1855,-13,-13,0.05
1150,2212,-10,-10,0.05
1151,2410,-9,-9,0.05
1152,1946,-12,-12,0.05
1153,2232,-14,-14,0.05
1154,2630,-6,-6,0.05
1155,2609,-6,-6,0.05
1156,2494,-10,-10,0.05
1157,2499,-10,-10,0.05
1158,2125,-11,-11,0.05
1159,2503,-8,-8,0.05
1160,2930,-5,-5,0.05
1161,1806,-13,-13,0.05
1162,2462,-7,-7,0.05
1163,2408,-7,-7,0.05
1164,2413,-9,-9,0.05
1165,2510,-8,-8,0.05
1166,2330,-12,-12,0.05
1167,2257,-10,-10,0.05
1168,2141,-12,-12,0.05
1169,2070,-13,-13,0.05
1170,2407,-9,-9,0.05
1171,2366,-11,-11,0.05
1172,2585,-11,-11,0.05
1173,2408,-9,-9,0.05
1174,2532,-11,-11,0.05
1175,2607,-6,-6,0.05
1176,2446,-10,-10,0.05
1177,2690,-8,-8,0.05
1178,2737,-9,-9,0.05
1179,2084,-13,-13,0.05
1180,2238,-12,-12,0.05
1181,2621,-6,-6,0.05
1182,3081,-3,-3,0.05
1183,2799,-7,-7,0.05
1184,3223,-1,-1,0.05
1185,2477,-9,-9,0.05
1186,2721,-5,-5,0.05
1187,2640,-9,-9,0.05
1188,2054,-11,-11,0.05
1189,2854,-6,-6,0.05
1190,2178,-12,-12,0.05
1191,3211,-2,-2,0.05
1192,2989,6,6,0.05
1193,2145,-11,-11,0.05
1194,2483,-9,-9,0.05
1195,2477,-10,-10,0.05
1196,2371,-10,-10,0.05
1197,2749,-7,-7,0.05
1198,2558,-8,-8,0.05
1199,2000,-11,-11,0.05
1200,2002,-11,-11,0.05
1201,2849,-6,-6,0.05
1202,2707,-7,-7,0.05
1203,2409,-13,-13,0.05
1204,3205,-2,-2,0.05
1205,2506,-6,-6,0.05
1206,2502,-7,-7,0.05
1207,2715,-5,-5,0.05
1208,2851,-4,-4,0.05
1209,2124,-11,-11,0.05
1210,2075,-12,-12,0.05
1211,2378,-7,-7,0.05
1212,2449,-11,-11,0.05
1213,2708,-5,-5,0.05
1214,2348,-8,-8,0.05
1215,1879,-13,-13,0.05
1216,2029,-14,-14,0.05
1217,2290,-10,-10,0.05
1218,2596,-7,-7,0.05
1219,2691,-8,-8,0.05
1220,2842,-6,-6,0.05
1221,2806,-8,-8,0.05
1222,3123,-3,-3,0.05
1223,2398,-10,-10,0.05
1224,1791,-13,-13,0.05
1225,2144,-9,-9,0.05
1226,2551,-7,-7,0.05
1227,2505,-5,-5,0.05
1228,2575,-7,-7,0.05
1229,1930,-14,-14,0.05
1230,2563,-9,-9,0.05
1231,2363,-10,-10,0.05
1232,2348,-8,-8,0.05
1233,2042,-15,-15,0.05
1234,2140,-11,-11,0.05
1235,2998,-4,-4,0.05
1236,3144,1,1,0.05
1237,2666,-3,-3,0.05
1238,3332,-3,-3,0.05
1239,2348,-10,-10,0.05
1240,2561,-9,-9,0.05
1241,3031,-8,-8,0.05
1242,1948,-14,-14,0.05
1243,2576,-9,-9,0.05
1244,2382,-7,-7,0.05
1245,2684,-7,-7,0.05
1246,2633,-7,-7,0.05
1247,2836,-4,-4,0.05
1248,3445,-4,-4,0.05
1249,2776,-9,-9,0.05
1250,2021,-13,-13,0.05
1251,2274,-8,-8,0.05
1252,3177,-2,-2,0.05
1253,2035,-10,-10,0.05
1254,2745,-10,-10,0.05
1255,2947,3,3,0.05
1256,2814,-5,-5,0.05
1257,2631,-7,-7,0.05
1258,2462,-10,-10,0.05
1259,2656,-4,-4,0.05
1260,2201,-13,-13,0.05
1261,3144,1,1,0.05
1262,2991,-2,-2,0.05
1263,3113,-4,-4,0.05
1264,3208,-2,-2,0.05
1265,3226,-1,-1,0.05
1266,2719,-5,-5,0.05
1267,3018,5,5,0.05
1268,2569,8,8,0.05
1269,2814,5,5,0.05
1270,2724,-3,-3,0.05
1271,3200,-2,-2,0.05
1272,2894,5,5,0.05
1273,3030,3,3,0.05
1274,3281,-2,-2,0.05
1275,3023,2,2,0.05
1276,2657,-8,-8,0.05
1277,2988,-6,-6,0.05
1278,2758,-6,-6,0.05
1279,2918,-4,-4,0.05
1280,3611,-1,-1,0.05
1281,3071,-5,-5,0.05
1282,2826,-7,-7,0.05
1283,2537,-13,-13,0.05
1284,2122,-11,-11,0.05
1285,3151,-1,-1,0.05
1286,3091,-2,-2,0.05
1287,3548,-1,-1,0.05
1288,2926,-6,-6,0.05
1289,3357,-2,-2,0.05
1290,2995,-5,-5,0.05
1291,2908,-4,-4,0.05
1292,2756,-7,-7,0.05
1293,3362,-2,-2,0.05
1294,2349,-10,-10,0.05
1295,3335,3,3,0.05
1296,3187,1,1,0.05
1297,2937,-10,-10,0.05
1298,2926,-5,-5,0.05
1299,3162,-3,-3,0.05
1300,3124,5,5,0.05
1301,3121,-4,-4,0.05
1302,3060,-10,-10,0.05
1303,2743,-8,-8,0.05
1304,2961,-5,-5,0.05
1305,2705,-8,-8,0.05
1306,2446,-9,-9,0.05
1307,3144,-1,-1,0.05
1308,2966,-7,-7,0.05
1309,2883,-5,-5,0.05
1310,2794,-6,-6,0.05
1311,2773,-9,-9,0.05
1312,2949,-9,-9,0.05
1313,2493,-11,-11,0.05
1314,2420,-8,-8,0.05
1315,2708,-11,-11,0.05
1316,3085,-10,-10,0.05
1317,3269,-4,-4,0.05
1318,2311,-13,-13,0.05
1319,2516,-8,-8,0.05
1320,3060,-6,-6,0.05
1321,2997,-9,-9,0.05
1322,2607,-10,-10,0.05
1323,2961,-9,-9,0.05
1324,2771,-9,-9,0.05
1325,2720,-10,-10,0.05
1326,2700,-10,-10,0.05
1327,2561,-11,-11,0.05
1328,2517,-8,-8,0.05
1329,2700,-10,-10,0.05
1330,3570,-6,-6,0.05
1331,3114,-7,-7,0.05
1332,2691,-8,-8,0.05
1333,2742,-6,-6,0.05
1334,2747,-7,-7,0.05
1335,1702,-14,-14,0.05
1336,3065,-2,-2,0.05
1337,2527,-10,-10,0.05
1338,2780,-6,-6,0.05
1339,2931,-3,-3,0.05
1340,2546,-6,-6,0.05
1341,2616,-7,-7,0.05
1342,2122,-12,-12,0.05
1343,2825,-8,-8,0.05
1344,2813,-7,-7,0.05
1345,3093,-4,-4,0.05
1346,2866,-6,-6,0.05
1347,3053,-5,-5,0.05
1348,2140,-12,-12,0.05
1349,2304,-9,-9,0.05
1350,3075,-4,-4,0.05
1351,2212,-11,-11,0.05
1352,2608,-5,-5,0.05
1353,2421,-8,-8,0.05
1354,3181,-1,-1,0.05
1355,3091,-3,-3,0.05
1356,3004,-4,-4,0.05
1357,3358,-1,-1,0.05
1358,2358,-10,-10,0.05
1359,3108,-6,-6,0.05
1360,2886,-6,-6,0.05
1361,3344,-8,-8,0.05
1362,3529,-1,-1,0.05
1363,3791,-3,-3,0.05
1364,3550,-1,-1,0.05
1365,3672,-2,-2,0.05
1366,3440,-4,-4,0.05
1367,3334,1,1,0.05
1368,2820,-6,-6,0.05
1369,3358,-2,-2,0.05
1370,3420,-4,-4,0.05
1371,1926,-14,-14,0.05
1372,3147,-5,-5,0.05
1373,2835,-5,-5,0.05
1374,3407,1,1,0.05
1375,3625,-1,-1,0.05
1376,3203,-6,-6,0.05
1377,3608,-2,-2,0.05
1378,3365,-2,-2,0.05
1379,3110,-4,-4,0.05
1380,3101,-3,-3,0.05
1381,3322,-2,-2,0.05
1382,2837,-7,-7,0.05
1383,3019,-6,-6,0.05
1384,3082,-6,-6,0.05
1385,3247,-5,-5,0.05
1386,3149,-6,-6,0.05
1387,2814,-3,-3,0.05
1388,3116,-4,-4,0.05
1389,3200,-4,-4,0.05
1390,2641,-5,-5,0.05
1391,2710,-6,-6,0.05
1392,3525,1,1,0.05
1393,2667,-5,-5,0.05
1394,3101,-5,-5,0.05
1395,3419,-2,-2,0.05
1396,3340,-5,-5,0.05
1397,2235,-12,-12,0.05
1398,3769,-1,-1,0.05
1399,3005,10,10,0.05
1400,2672,-9,-9,0.05
1401,3283,5,5,0.05
1402,3102,5,5,0.05
1403,3142,-7,-7,0.05
1404,3327,-3,-3,0.05
1405,3409,2,2,0.05
1406,3683,-2,-2,0.05
1407,3733,-1,-1,0.05
1408,3414,3,3,0.05
1409,2525,-9,-9,0.05
1410,3570,-4,-4,0.05
1411,3298,3,3,0.05
1412,3211,-2,-2,0.05
1413,3583,-2,-2,0.05
1414,3867,1,1,0.05
1415,3384,-5,-5,0.05
1416,3188,-3,-3,0.05
1417,3480,1,1,0.05
1418,3277,-3,-3,0.05
1419,3460,-1,-1,0.05
1420,3557,-2,-2,0.05
1421,3810,-1,-1,0.05
1422,3221,-3,-3,0.05
1423,3299,-7,-7,0.05
1424,3254,-3,-3,0.05
1425,3835,1,1,0.05
1426,3152,-4,-4,0.05
1427,3342,-4,-4,0.05
1428,3441,3,3,0.05
1429,3460,3,3,0.05
1430,3554,2,2,0.05
1431,3516,-5,-5,0.05
1432,3146,-5,-5,0.05
1433,2891,7,7,0.05
1434,3413,3,3,0.05
1435,3589,2,2,0.05
1436,3431,1,1,0.05
1437,2997,-2,-2,0.05
1438,3532,6,6,0.05
1439,2939,3,3,0.05
1440,3238,-7,-7,0.05
1441,2803,-6,-6,0.05
1442,3262,2,2,0.05
1443,3661,2,2,0.05
1444,3718,-3,-3,0.05
1445,3316,-5,-5,0.05
1446,3347,-7,-7,0.05
1447,3324,-1,-1,0.05
1448,3202,-4,-4,0.05
1449,3010,-3,-3,0.05
1450,3394,-1,-1,0.05
1451,2214,-10,-10,0.05
1452,2431,-10,-10,0.05
1453,3061,-5,-5,0.05
1454,3031,-5,-5,0.05
1455,3774,-2,-2,0.05
1456,3174,2,2,0.05
1457,3542,1,1,0.05
1458,3343,-2,-2,0.05
1459,3185,4,4,0.05
1460,3335,2,2,0.05
1461,3539,2,2,0.05
1462,3246,2,2,0.05
1463,3207,1,1,0.05
1464,2717,-6,-6,0.05
1465,2774,4,4,0.05
1466,3026,5,5,0.05
1467,2253,-8,-8,0.05
1468,3516,1,1,0.05
1469,2921,-7,-7,0.05
1470,3069,-8,-8,0.05
1471,2822,-8,-8,0.05
1472,3157,-3,-3,0.05
1473,2750,-6,-6,0.05
1474,3250,-3,-3,0.05
1475,3488,2,2,0.05
1476,2488,-11,-11,0.05
1477,2360,-12,-12,0.05
1478,2556,-12,-12,0.05
1479,2564,-6,-6,0.05
1480,2692,-7,-7,0.05
1481,2891,-5,-5,0.05
1482,2864,-5,-5,0.05
1483,2898,-4,-4,0.05
1484,3362,-1,-1,0.05
1485,2906,6,6,0.05
1486,3184,-2,-2,0.05
1487,3087,3,3,0.05
1488,2241,-11,-11,0.05
1489,2515,-7,-7,0.05
1490,2989,5,5,0.05
1491,2855,5,5,0.05
1492,3011,1,1,0.05
1493,3284,3,3,0.05
1494,2239,-10,-10,0.05
1495,2864,-8,-8,0.05
1496,2652,-7,-7,0.05
1497,2933,-2,-2,0.05
1498,3610,-1,-1,0.05
1499,3183,3,3,0.05
1500,2010,-13,-13,0.05
1501,3258,-2,-2,0.05
1502,3482,-1,-1,0.05
1503,3237,5,5,0.05
1504,3075,-2,-2,0.05
1505,3065,-3,-3,0.05
1506,3692,-1,-1,0.05
1507,3486,1,1,0.05
1508,3668,-1,-1,0.05
1509,3112,-2,-2,0.05
1510,3181,3,3,0.05
1511,3481,-3,-3,0.05
1512,3564,-2,-2,0.05
1513,3400,-2,-2,0.05
1514,2570,-10,-10,0.05
1515,3774,-1,-1,0.05
1516,3359,-1,-1,0.05
1517,3223,-6,-6,0.05
1518,2972,2,2,0.05
1519,3064,-3,-3,0.05
1520,2724,7,7,0.05
1521,2917,3,3,0.05
1522,2875,9,9,0.05
1523,2574,-7,-7,0.05
1524,3228,1,1,0.05
1525,2647,7,7,0.05
1526,2873,5,5,0.05
1527,2685,6,6,0.05
1528,3062,3,3,0.05
1529,2825,7,7,0.05
1530,3154,-2,-2,0.05
1531,2681,-6,-6,0.05
1532,2941,6,6,0.05
1533,3180,2,2,0.05
1534,2628,9,9,0.05
1535,2833,6,6,0.05
1536,2649,12,12,0.05
1537,3119,2,2,0.05
1538,2905,-4,-4,0.05
1539,2691,10,10,0.05
1540,2733,7,7,0.05
1541,3332,3,3,0.05
1542,3553,4,4,0.05
1543,2817,8,8,0.05
1544,2808,6,6,0.05
1545,2731,-6,-6,0.05
1546,2990,5,5,0.05
1547,2697,12,12,0.05
1548,3111,5,5,0.05
1549,3050,2,2,0.05
1550,3309,-2,-2,0.05
1551,2274,15,15,0.05
1552,2203,17,17,0.05
1553,2730,6,6,0.05
1554,2581,15,15,0.05
1555,2915,-3,-3,0.05
1556,3061,5,5,0.05
1557,3276,-2,-2,0.05
1558,2773,5,5,0.05
1559,2982,2,2,0.05
1560,2646,10,10,0.05
1561,3175,6,6,0.05
1562,2997,-3,-3,0.05
1563,3201,1,1,0.05
1564,2987,4,4,0.05
1565,3262,-1,-1,0.05
1566,2590,10,10,0.05
1567,3055,1,1,0.05
1568,2804,6,6,0.05
1569,3022,6,6,0.05
1570,2630,11,11,0.05
1571,2843,7,7,0.05
1572,2927,5,5,0.05
1573,2763,7,7,0.05
1574,2865,3,3,0.05
1575,2608,7,7,0.05
1576,2795,7,7,0.05
1577,2720,8,8,0.05
1578,2830,5,5,0.05
1579,2921,-5,-5,0.05
1580,3044,4,4,0.05
1581,2773,10,10,0.05
1582,3124,4,4,0.05
1583,3237,1,1,0.05
1584,2665,9,9,0.05
1585,2788,7,7,0.05
1586,3005,3,3,0.05
1587,2368,14,14,0.05
1588,2849,7,7,0.05
1589,2855,7,7,0.05
1590,3222,3,3,0.05
1591,3663,-1,-1,0.05
1592,2481,-9,-9,0.05
1593,2507,-9,-9,0.05
1594,2896,-7,-7,0.05
1595,3058,6,6,0.05
1596,3097,2,2,0.05
1597,3679,-1,-1,0.05
1598,2596,12,12,0.05
1599,2558,12,12,0.05
1600,2785,9,9,0.05
1601,2613,11,11,0.05
1602,3216,4,4,0.05
1603,2397,13,13,0.05
1604,3257,7,7,0.05
1605,2857,3,3,0.05
1606,2369,15,15,0.05
1607,2771,9,9,0.05
1608,3444,4,4,0.05
1609,2825,9,9,0.05
1610,2299,15,15,0.05
1611,2489,15,15,0.05
1612,2697,10,10,0.05
1613,2599,13,13,0.05
1614,2741,13,13,0.05
1615,2834,-6,-6,0.05
1616,3068,-6,-6,0.05
1617,3462,-1,-1,0.05
1618,2334,15,15,0.05
1619,3138,-5,-5,0.05
1620,2641,7,7,0.05
1621,3030,8,8,0.05
1622,2209,19,19,0.05
1623,2998,5,5,0.05
1624,2527,14,14,0.05
1625,2532,12,12,0.05
1626,2167,18,18,0.05
1627,2313,17,17,0.05
1628,2139,17,17,0.05
1629,3538,3,3,0.05
1630,2510,11,11,0.05
1631,2742,9,9,0.05
1632,2944,10,10,0.05
1633,2676,10,10,0.05
1634,2969,7,7,0.05
1635,3148,7,7,0.05
1636,3204,6,6,0.05
1637,3028,6,6,0.05
1638,2692,9,9,0.05
1639,2946,6,6,0.05
1640,2996,9,9,0.05
1641,3099,7,7,0.05
1642,3187,4,4,0.05
1643,3041,6,6,0.05
1644,3179,-2,-2,0.05
1645,2255,15,15,0.05
1646,3042,6,6,0.05
1647,2949,-7,-7,0.05
1648,2622,10,10,0.05
1649,3156,9,9,0.05
1650,3098,7,7,0.05
1651,3183,5,5,0.05
1652,3458,5,5,0.05
1653,3229,4,4,0.05
1654,2587,-10,-10,0.05
1655,2859,8,8,0.05
1656,3237,3,3,0.05
1657,3315,-1,-1,0.05
1658,2268,16,16,0.05
1659,2587,13,13,0.05
1660,3077,7,7,0.05
1661,2680,9,9,0.05
1662,3098,8,8,0.05
1663,2402,15,15,0.05
1664,3306,-3,-3,0.05
1665,3108,5,5,0.05
1666,3055,-4,-4,0.05
1667,2864,6,6,0.05
1668,2274,16,16,0.05
1669,2623,11,11,0.05
1670,3251,-1,-1,0.05
1671,3319,9,9,0.05
1672,2809,11,11,0.05
1673,2368,13,13,0.05
1674,2679,9,9,0.05
1675,2492,13,13,0.05
1676,3079,6,6,0.05
1677,2147,19,19,0.05
1678,2526,14,14,0.05
1679,2312,15,15,0.05
1680,2759,9,9,0.05
1681,2822,10,10,0.05
1682,2405,15,15,0.05
1683,2471,13,13,0.05
1684,2736,13,13,0.05
1685,2701,15,15,0.05
1686,2836,15,15,0.05
1687,2047,19,19,0.05
1688,2276,16,16,0.05
1689,2140,18,18,0.05
1690,2396,13,13,0.05
1691,2583,14,14,0.05
1692,2540,15,15,0.05
1693,3430,1,1,0.05
1694,2346,16,16,0.05
1695,2209,17,17,0.05
1696,3134,-4,-4,0.05
1697,3006,10,10,0.05
1698,2486,13,13,0.05
1699,3030,8,8,0.05
1700,2726,9,9,0.05
1701,2189,17,17,0.05
1702,3609,8,8,0.05
1703,2207,17,17,0.05
1704,2506,13,13,0.05
1705,2530,13,13,0.05
1706,2676,12,12,0.05
1707,2498,15,15,0.05
1708,2321,15,15,0.05
1709,2367,15,15,0.05
1710,2734,11,11,0.05
1711,2394,14,14,0.05
1712,2935,10,10,0.05
1713,2430,15,15,0.05
1714,2668,11,11,0.05
1715,2849,7,7,0.05
1716,2793,10,10,0.05
1717,2999,8,8,0.05
1718,3428,7,7,0.05
1719,3365,4,4,0.05
1720,2487,11,11,0.05
1721,2018,20,20,0.05
1722,2033,19,19,0.05
1723,2546,13,13,0.05
1724,3333,4,4,0.05
1725,2324,16,16,0.05
1726,2549,14,14,0.05
1727,2411,15,15,0.05
1728,2564,12,12,0.05
1729,2212,17,17,0.05
1730,2989,9,9,0.05
1731,3417,6,6,0.05
1732,2273,15,15,0.05
1733,2525,14,14,0.05
1734,2008,20,20,0.05
1735,2595,11,11,0.05
1736,2896,6,6,0.05
1737,2091,19,19,0.05
1738,2618,9,9,0.05
1739,3093,3,3,0.05
1740,2629,12,12,0.05
1741,2246,13,13,0.05
1742,2325,16,16,0.05
1743,2663,9,9,0.05
1744,2171,17,17,0.05
1745,3184,4,4,0.05
1746,2377,13,13,0.05
1747,2191,17,17,0.05
1748,2310,16,16,0.05
1749,2414,15,15,0.05
1750,2061,19,19,0.05
1751,2756,10,10,0.05
1752,2506,14,14,0.05
1753,2795,11,11,0.05
1754,2405,14,14,0.05
1755,2971,12,12,0.05
1756,2641,11,11,0.05
1757,2436,13,13,0.05
1758,2329,12,12,0.05
1759,2754,11,11,0.05
1760,2371,14,14,0.05
1761,2375,16,16,0.05
1762,2498,15,15,0.05
1763,2432,13,13,0.05
1764,2783,11,11,0.05
1765,2213,17,17,0.05
1766,2503,14,14,0.05
1767,2974,10,10,0.05
1768,3134,8,8,0.05
1769,2323,15,15,0.05
1770,2135,18,18,0.05
1771,3177,8,8,0.05
1772,2875,14,14,0.05
1773,3030,8,8,0.05
1774,2408,14,14,0.05
1775,2317,16,16,0.05
1776,2324,16,16,0.05
1777,2429,12,12,0.05
1778,3015,5,5,0.05
1779,2859,10,10,0.05
1780,2441,11,11,0.05
1781,2270,13,13,0.05
1782,2418,15,15,0.05
1783,3548,2,2,0.05
1784,2244,15,15,0.05
1785,2338,14,14,0.05
1786,3003,13,13,0.05
1787,3096,11,11,0.05
1788,2328,16,16,0.05
1789,2539,14,14,0.05
1790,2754,11,11,0.05
1791,2217,17,17,0.05
1792,2702,12,12,0.05
1793,2679,13,13,0.05
1794,2554,11,11,0.05
1795,2763,12,12,0.05
1796,2468,13,13,0.05
1797,3320,9,9,0.05
1798,2909,11,11,0.05
1799,2322,17,17,0.05
1800,2374,15,15,0.05
1801,2519,12,12,0.05
1802,2588,10,10,0.05
1803,2383,15,15,0.05
1804,2303,15,15,0.05
1805,2279,15,15,0.05
1806,2710,11,11,0.05
1807,2367,13,13,0.05
1808,2716,6,6,0.05
1809,2346,15,15,0.05
1810,2651,9,9,0.05
1811,2292,13,13,0.05
1812,2216,18,18,0.05
1813,2688,9,9,0.05
1814,2322,15,15,0.05
1815,3244,4,4,0.05
1816,2304,15,15,0.05
1817,2189,15,15,0.05
1818,2626,11,11,0.05
1819,2482,15,15,0.05
1820,2886,7,7,0.05
1821,2754,12,12,0.05
1822,2332,12,12,0.05
1823,2039,21,21,0.05
1824,2233,17,17,0.05
1825,2244,15,15,0.05
1826,2220,18,18,0.05
1827,2643,10,10,0.05
1828,2047,19,19,0.05
1829,2312,16,16,0.05
1830,2118,18,18,0.05
1831,2320,17,17,0.05
1832,2353,-7,-7,0.05
1833,2636,12,12,0.05
1834,2506,11,11,0.05
1835,2608,11,11,0.05
1836,2622,12,12,0.05
1837,2414,13,13,0.05
1838,1951,21,21,0.05
1839,2079,19,19,0.05
1840,2245,16,16,0.05
1841,2804,9,9,0.05
1842,2338,15,15,0.05
1843,2757,7,7,0.05
1844,2464,12,12,0.05
1845,2443,10,10,0.05
1846,2441,12,12,0.05
1847,2441,12,12,0.05
1848,2426,14,14,0.05
1849,2166,17,17,0.05
1850,2848,8,8,0.05
1851,2118,16,16,0.05
1852,2726,8,8,0.05
1853,2554,11,11,0.05
1854,2552,12,12,0.05
1855,2430,15,15,0.05
1856,2386,15,15,0.05
1857,2010,19,19,0.05
1858,2248,17,17,0.05
1859,2335,18,18,0.05
1860,2084,19,19,0.05
1861,2778,8,8,0.05
1862,2369,15,15,0.05
1863,2297,15,15,0.05
1864,2582,12,12,0.05
1865,2368,15,15,0.05
1866,2661,12,12,0.05
1867,2394,14,14,0.05
1868,2365,17,17,0.05
1869,2955,11,11,0.05
1870,3140,3,3,0.05
1871,2411,16,16,0.05
1872,2368,15,15,0.05
1873,2147,14,14,0.05
1874,2244,16,16,0.05
1875,2154,18,18,0.05
1876,2791,9,9,0.05
1877,2482,13,13,0.05
1878,2473,11,11,0.05
1879,2495,13,13,0.05
1880,1998,20,20,0.05
1881,2577,8,8,0.05
1882,2655,7,7,0.05
1883,2094,17,17,0.05
1884,2579,11,11,0.05
1885,2538,12,12,0.05
1886,2420,10,10,0.05
1887,2429,14,14,0.05
1888,2767,9,9,0.05
1889,2290,17,17,0.05
1890,2626,11,11,0.05
1891,2264,15,15,0.05
1892,2023,19,19,0.05
1893,2441,12,12,0.05
1894,2531,8,8,0.05
1895,3043,-1,-1,0.05
1896,2773,8,8,0.05
1897,2768,8,8,0.05
1898,2142,17,17,0.05
1899,2343,12,12,0.05
1900,2232,16,16,0.05
1901,2354,10,10,0.05
1902,2205,17,17,0.05
1903,2425,13,13,0.05
1904,2351,16,16,0.05
1905,2800,4,4,0.05
1906,2791,7,7,0.05
1907,2546,13,13,0.05
1908,2636,10,10,0.05
1909,2310,17,17,0.05
1910,2395,13,13,0.05
1911,2369,13,13,0.05
1912,2281,17,17,0.05
1913,2810,7,7,0.05
1914,2479,12,12,0.05
1915,2797,11,11,0.05
1916,2417,15,15,0.05
1917,2218,14,14,0.05
1918,2055,19,19,0.05
1919,2195,15,15,0.05
1920,3050,7,7,0.05
1921,2055,19,19,0.05
1922,1976,20,20,0.05
1923,2409,11,11,0.05
1924,2294,16,16,0.05
1925,2324,12,12,0.05
1926,2933,7,7,0.05
1927,2571,9,9,0.05
1928,2712,7,7,0.05
1929,2644,6,6,0.05
1930,3142,8,8,0.05
1931,2749,9,9,0.05
1932,2760,11,11,0.05
1933,2433,12,12,0.05
1934,3267,5,5,0.05
1935,2758,7,7,0.05
1936,2454,10,10,0.05
1937,2584,10,10,0.05
1938,2682,8,8,0.05
1939,2189,17,17,0.05
1940,2332,18,18,0.05
1941,2173,16,16,0.05
1942,2246,16,16,0.05
1943,2686,6,6,0.05
1944,2837,9,9,0.05
1945,2710,11,11,0.05
1946,2848,7,7,0.05
1947,2497,10,10,0.05
1948,2734,11,11,0.05
1949,2383,14,14,0.05
1950,2498,11,11,0.05
1951,2283,14,14,0.05
1952,2570,12,12,0.05
1953,2827,5,5,0.05
1954,2915,9,9,0.05
1955,2827,7,7,0.05
1956,2633,13,13,0.05
1957,2531,11,11,0.05
1958,2508,12,12,0.05
1959,2545,11,11,0.05
1960,2550,7,7,0.05
1961,2404,11,11,0.05
1962,2617,11,11,0.05
1963,2971,4,4,0.05
1964,2742,10,10,0.05
1965,2688,7,7,0.05
1966,2766,4,4,0.05
1967,2730,11,11,0.05
1968,2588,13,13,0.05
1969,3205,2,2,0.05
1970,2645,7,7,0.05
1971,2453,12,12,0.05
1972,2678,11,11,0.05
1973,2925,13,13,0.05
1974,2093,17,17,0.05
1975,2545,12,12,0.05
1976,2585,11,11,0.05
1977,2337,15,15,0.05
1978,2093,17,17,0.05
1979,2240,17,17,0.05
1980,2842,9,9,0.05
1981,2865,6,6,0.05
1982,2521,12,12,0.05
1983,2081,18,18,0.05
1984,2332,14,14,0.05
1985,2310,16,16,0.05
1986,2582,8,8,0.05
1987,2324,15,15,0.05
1988,2970,8,8,0.05
1989,2192,18,18,0.05
1990,2390,17,17,0.05
1991,2078,20,20,0.05
1992,2520,13,13,0.05
1993,2681,13,13,0.05
1994,2326,17,17,0.05
1995,2448,12,12,0.05
1996,2437,15,15,0.05
1997,2242,18,18,0.05
1998,2664,9,9,0.05
1999,2367,12,12,0.05
2000,2482,13,13,0.05
2001,2482,10,10,0.05
2002,2628,4,4,0.05
2003,2028,-12,-12,0.05
2004,2359,14,14,0.05
2005,2275,10,10,0.05
2006,2324,15,15,0.05
2007,2786,5,5,0.05
2008,2550,11,11,0.05
2009,1995,21,21,0.05
2010,2517,9,9,0.05
2011,2484,12,12,0.05
2012,2734,7,7,0.05
2013,2540,13,13,0.05
2014,2902,11,11,0.05
2015,2140,16,16,0.05
2016,2399,13,13,0.05
2017,2383,11,11,0.05
2018,2798,7,7,0.05
2019,2466,13,13,0.05
2020,2446,13,13,0.05
2021,2467,14,14,0.05
2022,2273,16,16,0.05
2023,2842,6,6,0.05
2024,2827,9,9,0.05
2025,2551,10,10,0.05
2026,2323,15,15,0.05
2027,2524,9,9,0.05
2028,2485,10,10,0.05
2029,2178,17,17,0.05
2030,2402,14,14,0.05
2031,2475,11,11,0.05
2032,2392,14,14,0.05
2033,2194,18,18,0.05
2034,2802,9,9,0.05
2035,2034,18,18,0.05
2036,2095,17,17,0.05
2037,2603,10,10,0.05
2038,2077,19,19,0.05
2039,2223,14,14,0.05
2040,2066,19,19,0.05
2041,2146,17,17,0.05
2042,2561,13,13,0.05
2043,2611,11,11,0.05
2044,2572,6,6,0.05
2045,2648,-4,-4,0.05
2046,2350,11,11,0.05
2047,2349,16,16,0.05
2048,2098,15,15,0.05
2049,2360,15,15,0.05
2050,2204,14,14,0.05
2051,2122,16,16,0.05
2052,2216,14,14,0.05
2053,2376,13,13,0.05
2054,2170,17,17,0.05
2055,2521,11,11,0.05
2056,2216,15,15,0.05
2057,2694,12,12,0.05
2058,2561,13,13,0.05
2059,3300,1,1,0.05
2060,2561,12,12,0.05
2061,2612,10,10,0.05
2062,2524,8,8,0.05
2063,2511,10,10,0.05
2064,1964,20,20,0.05
2065,2321,12,12,0.05
2066,2244,14,14,0.05
2067,2445,12,12,0.05
2068,2490,11,11,0.05
2069,2565,12,12,0.05
2070,2107,16,16,0.05
2071,1992,20,20,0.05
2072,2203,18,18,0.05
2073,2830,9,9,0.05
2074,2335,14,14,0.05
2075,2029,20,20,0.05
2076,2976,1,1,0.05
2077,2512,7,7,0.05
2078,2444,11,11,0.05
2079,3061,4,4,0.05
2080,2463,11,11,0.05
2081,2432,12,12,0.05
2082,2540,10,10,0.05
2083,2256,15,15,0.05
2084,2710,9,9,0.05
2085,2277,15,15,0.05
2086,2181,17,17,0.05
2087,2472,12,12,0.05
2088,2476,13,13,0.05
2089,2229,15,15,0.05
2090,2179,15,15,0.05
2091,2489,13,13,0.05
2092,3175,10,10,0.05
2093,1992,20,20,0.05
2094,2299,18,18,0.05
2095,2280,17,17,0.05
2096,2654,9,9,0.05
2097,1964,20,20,0.05
2098,2477,12,12,0.05
2099,2310,16,16,0.05
2100,3023,9,9,0.05
2101,2327,17,17,0.05
2102,2828,12,12,0.05
2103,2356,11,11,0.05
2104,2553,13,13,0.05
2105,2310,13,13,0.05
2106,2339,12,12,0.05
2107,2341,11,11,0.05
2108,2281,14,14,0.05
2109,2837,10,10,0.05
2110,2791,12,12,0.05
2111,2860,8,8,0.05
2112,2395,12,12,0.05
2113,2246,16,16,0.05
2114,2277,16,16,0.05
2115,2166,16,16,0.05
2116,2721,9,9,0.05
2117,2447,12,12,0.05
2118,2179,18,18,0.05
2119,2301,15,15,0.05
2120,2255,14,14,0.05
2121,2396,14,14,0.05
2122,2173,15,15,0.05
2123,2299,14,14,0.05
2124,2368,12,12,0.05
2125,2317,16,16,0.05
2126,2152,15,15,0.05
2127,2383,9,9,0.05
2128,2010,19,19,0.05
2129,2099,17,17,0.05
2130,2379,15,15,0.05
2131,2290,14,14,0.05
2132,2466,10,10,0.05
2133,2592,10,10,0.05
2134,2194,16,16,0.05
2135,2439,13,13,0.05
2136,2128,17,17,0.05
2137,2853,9,9,0.05
2138,2273,15,15,0.05
2139,2848,12,12,0.05
2140,2751,9,9,0.05
2141,2520,13,13,0.05
2142,2427,15,15,0.05
2143,2237,16,16,0.05
2144,2740,11,11,0.05
2145,2185,18,18,0.05
2146,2396,14,14,0.05
2147,2547,12,12,0.05
2148,2343,13,13,0.05
2149,2331,14,14,0.05
2150,2647,13,13,0.05
2151,2404,14,14,0.05
2152,2116,16,16,0.05
2153,2288,15,15,0.05
2154,2403,12,12,0.05
2155,2742,10,10,0.05
2156,2267,15,15,0.05
2157,2553,10,10,0.05
2158,2927,6,6,0.05
2159,2491,9,9,0.05
2160,2682,9,9,0.05
2161,2380,11,11,0.05
2162,2609,10,10,0.05
2163,2472,13,13,0.05
2164,2420,12,12,0.05
2165,2859,7,7,0.05
2166,2326,15,15,0.05
2167,2639,10,10,0.05
2168,2430,13,13,0.05
2169,2571,11,11,0.05
2170,2266,12,12,0.05
2171,2424,14,14,0.05
2172,2428,10,10,0.05
2173,2703,7,7,0.05
2174,2424,12,12,0.05
2175,2214,14,14,0.05
2176,2494,13,13,0.05
2177,2778,8,8,0.05
2178,2188,16,16,0.05
2179,2356,12,12,0.05
2180,2815,10,10,0.05
2181,2028,19,19,0.05
2182,2627,12,12,0.05
2183,2562,11,11,0.05
2184,2064,18,18,0.05
2185,2571,9,9,0.05
2186,2580,14,14,0.05
2187,2327,15,15,0.05
2188,2404,12,12,0.05
2189,2459,12,12,0.05
2190,2041,17,17,0.05
2191,2702,13,13,0.05
2192,2274,16,16,0.05
2193,2621,13,13,0.05
2194,2329,17,17,0.05
2195,2477,11,11,0.05
2196,2167,16,16,0.05
2197,2754,7,7,0.05
2198,2765,7,7,0.05
2199,2604,14,14,0.05
2200,2722,11,11,0.05
2201,2357,15,15,0.05
2202,2514,13,13,0.05
2203,2440,11,11,0.05
2204,2361,14,14,0.05
2205,2120,15,15,0.05
2206,2525,14,14,0.05
2207,2023,19,19,0.05
2208,2447,14,14,0.05
2209,2187,17,17,0.05
2210,2178,18,18,0.05
2211,2046,18,18,0.05
2212,2013,20,20,0.05
2213,2053,18,18,0.05
2214,1964,20,20,0.05
2215,2387,14,14,0.05
2216,2841,2,2,0.05
2217,2615,7,7,0.05
2218,2307,14,14,0.05
2219,2578,8,8,0.05
2220,2205,15,15,0.05
2221,2392,13,13,0.05
2222,2359,12,12,0.05
2223,2278,16,16,0.05
2224,2711,10,10,0.05
2225,2312,15,15,0.05
2226,2428,15,15,0.05
2227,2207,14,14,0.05
2228,2567,11,11,0.05
2229,2134,17,17,0.05
2230,2397,13,13,0.05
2231,2031,19,19,0.05
2232,2335,15,15,0.05
2233,2296,16,16,0.05
2234,2126,16,16,0.05
2235,2587,12,12,0.05
2236,2502,12,12,0.05
2237,2436,13,13,0.05
2238,1951,21,21,0.05
2239,2517,14,14,0.05
2240,2523,12,12,0.05
2241,2735,11,11,0.05
2242,2205,16,16,0.05
2243,2688,9,9,0.05
2244,2720,9,9,0.05
2245,2376,14,14,0.05
2246,2452,10,10,0.05
2247,2379,16,16,0.05
2248,2523,16,16,0.05
2249,2506,13,13,0.05
2250,1964,20,20,0.05
2251,1951,21,21,0.05
2252,2455,16,16,0.05
2253,1998,20,20,0.05
2254,2478,14,14,0.05
2255,2333,15,15,0.05
2256,2664,10,10,0.05
2257,2119,18,18,0.05
2258,2372,14,14,0.05
2259,2374,15,15,0.05
2260,2837,9,9,0.05
2261,2245,16,16,0.05
2262,2366,16,16,0.05
2263,3042,11,11,0.05
2264,2650,9,9,0.05
2265,2948,13,13,0.05
2266,2222,16,16,0.05
2267,2721,9,9,0.05
2268,2610,13,13,0.05
2269,2640,9,9,0.05
2270,2697,9,9,0.05
2271,2463,14,14,0.05
2272,2708,7,7,0.05
2273,2746,12,12,0.05
2274,2217,17,17,0.05
2275,2457,14,14,0.05
2276,2196,18,18,0.05
2277,1977,19,19,0.05
2278,2443,15,15,0.05
2279,2288,16,16,0.05
2280,2260,16,16,0.05
2281,2342,13,13,0.05
2282,1951,21,21,0.05
2283,2126,18,18,0.05
2284,2274,16,16,0.05
2285,2336,15,15,0.05
2286,2100,17,17,0.05
2287,2269,14,14,0.05
2288,3092,8,8,0.05
2289,1951,21,21,0.05
2290,2326,14,14,0.05
2291,2184,13,13,0.05
2292,2212,17,17,0.05
2293,2302,16,16,0.05
2294,2315,15,15,0.05
2295,2202,15,15,0.05
2296,2507,15,15,0.05
2297,2511,12,12,0.05
2298,2085,18,18,0.05
2299,2136,19,19,0.05
2300,2399,13,13,0.05
2301,2531,11,11,0.05
2302,2944,7,7,0.05
2303,2318,14,14,0.05
2304,2634,9,9,0.05
2305,2801,11,11,0.05
2306,2398,12,12,0.05
2307,2495,11,11,0.05
2308,2273,14,14,0.05
2309,2143,17,17,0.05
2310,2231,18,18,0.05
2311,2962,7,7,0.05
2312,2030,19,19,0.05
2313,2226,14,14,0.05
2314,2271,13,13,0.05
2315,2143,16,16,0.05
2316,2175,17,17,0.05
2317,2527,12,12,0.05
2318,2636,10,10,0.05
2319,2080,16,16,0.05
2320,2438,12,12,0.05
2321,2482,9,9,0.05
2322,2300,11,11,0.05
2323,2073,18,18,0.05
2324,2520,10,10,0.05
2325,2247,14,14,0.05
2326,2417,10,10,0.05
2327,2356,15,15,0.05
2328,2218,15,15,0.05
2329,2010,19,19,0.05
2330,2361,12,12,0.05
2331,2724,9,9,0.05
2332,2880,12,12,0.05
2333,2302,14,14,0.05
2334,2880,8,8,0.05
2335,2311,15,15,0.05
2336,2093,19,19,0.05
2337,2796,12,12,0.05
2338,2588,12,12,0.05
2339,2328,14,14,0.05
2340,2616,9,9,0.05
2341,2897,-4,-4,0.05
2342,2561,12,12,0.05
2343,2560,9,9,0.05
2344,2194,16,16,0.05
2345,2396,13,13,0.05
2346,2843,8,8,0.05
2347,2200,16,16,0.05
2348,2672,9,9,0.05
2349,2710,11,11,0.05
2350,2377,13,13,0.05
2351,2422,13,13,0.05
2352,2192,16,16,0.05
2353,2084,17,17,0.05
2354,2182,16,16,0.05
2355,2494,12,12,0.05
2356,2986,11,11,0.05
2357,2184,18,18,0.05
2358,2888,10,10,0.05
2359,2673,8,8,0.05
2360,2621,9,9,0.05
2361,2121,15,15,0.05
2362,2236,17,17,0.05
2363,2365,15,15,0.05
2364,2576,9,9,0.05
2365,1951,21,21,0.05
2366,2283,13,13,0.05
2367,2133,18,18,0.05
2368,2462,14,14,0.05
2369,1951,21,21,0.05
2370,2193,15,15,0.05
2371,2591,10,10,0.05
2372,2201,17,17,0.05
2373,2373,13,13,0.05
2374,2841,9,9,0.05
2375,2928,9,9,0.05
2376,2878,13,13,0.05
2377,2315,16,16,0.05
2378,2576,10,10,0.05
2379,2916,9,9,0.05
2380,2135,17,17,0.05
2381,2323,14,14,0.05
2382,2091,18,18,0.05
2383,2366,15,15,0.05
2384,2433,15,15,0.05
2385,2772,13,13,0.05
2386,2403,13,13,0.05
2387,2565,13,13,0.05
2388,2457,9,9,0.05
2389,2607,8,8,0.05
2390,2337,16,16,0.05
2391,2092,17,17,0.05
2392,2042,19,19,0.05
2393,2393,13,13,0.05
2394,2235,14,14,0.05
2395,2789,10,10,0.05
2396,2558,13,13,0.05
2397,2841,13,13,0.05
2398,2138,14,14,0.05
2399,2809,13,13,0.05
2400,3130,10,10,0.05
2401,2582,12,12,0.05
2402,2403,13,13,0.05
2403,2259,17,17,0.05
2404,2331,15,15,0.05
2405,2216,18,18,0.05
2406,2704,12,12,0.05
2407,2759,11,11,0.05
2408,2389,14,14,0.05
2409,2424,15,15,0.05
2410,2122,18,18,0.05
2411,2603,12,12,0.05
2412,2532,15,15,0.05
2413,2746,13,13,0.05
2414,1784,-12,-12,0.05
2415,2556,11,11,0.05
2416,2197,17,17,0.05
2417,2271,13,13,0.05
2418,2160,17,17,0.05
2419,2149,20,20,0.05
2420,2059,17,17,0.05
2421,2498,13,13,0.05
2422,2492,13,13,0.05
2423,2519,13,13,0.05
2424,2304,15,15,0.05
2425,2432,15,15,0.05
2426,2006,19,19,0.05
2427,2319,13,13,0.05
2428,2094,18,18,0.05
2429,2155,17,17,0.05
2430,2178,14,14,0.05
2431,2460,10,10,0.05
2432,2118,16,16,0.05
2433,2404,12,12,0.05
2434,2398,12,12,0.05
2435,2194,16,16,0.05
2436,2397,14,14,0.05
2437,2430,13,13,0.05
2438,2258,14,14,0.05
2439,2504,15,15,0.05
2440,2255,15,15,0.05
2441,2286,14,14,0.05
2442,2068,18,18,0.05
2443,2116,18,18,0.05
2444,2809,6,6,0.05
2445,2341,12,12,0.05
2446,2386,13,13,0.05
2447,2850,6,6,0.05
2448,2596,9,9,0.05
2449,2021,19,19,0.05
2450,2249,18,18,0.05
2451,2465,15,15,0.05
2452,2442,10,10,0.05
2453,2743,9,9,0.05
2454,2500,11,11,0.05
2455,2442,12,12,0.05
2456,2104,17,17,0.05
2457,2261,17,17,0.05
2458,2397,12,12,0.05
2459,2822,11,11,0.05
2460,2190,15,15,0.05
2461,1998,20,20,0.05
2462,2284,14,14,0.05
2463,2220,15,15,0.05
2464,2531,12,12,0.05
2465,2508,12,12,0.05
2466,2042,20,20,0.05
2467,1990,18,18,0.05
2468,2032,19,19,0.05
2469,2279,16,16,0.05
2470,2511,13,13,0.05
2471,2652,12,12,0.05
2472,2084,19,19,0.05
2473,2160,17,17,0.05
2474,2649,7,7,0.05
2475,2262,15,15,0.05
2476,2258,15,15,0.05
2477,2195,17,17,0.05
2478,2290,15,15,0.05
2479,2470,13,13,0.05
2480,2436,10,10,0.05
2481,2176,16,16,0.05
2482,2504,12,12,0.05
2483,2239,16,16,0.05
2484,2006,20,20,0.05
2485,2831,6,6,0.05
2486,2399,11,11,0.05
2487,2316,16,16,0.05
2488,2111,16,16,0.05
2489,2214,16,16,0.05
2490,2251,15,15,0.05
2491,2366,15,15,0.05
2492,2351,15,15,0.05
2493,2381,12,12,0.05
2494,2398,15,15,0.05
2495,2398,15,15,0.05
2496,2594,12,12,0.05
2497,2472,11,11,0.05
2498,2692,11,11,0.05
2499,2793,8,8,0.05
2500,2193,17,17,0.05
2501,1951,21,21,0.05
2502,2258,14,14,0.05
2503,2356,15,15,0.05
2504,2899,10,10,0.05
2505,2276,15,15,0.05
2506,2132,19,19,0.05
2507,1964,20,20,0.05
2508,2494,13,13,0.05
2509,2422,13,13,0.05
2510,2715,5,5,0.05
2511,2296,16,16,0.05
2512,2050,18,18,0.05
2513,2519,11,11,0.05
2514,2362,11,11,0.05
2515,1964,20,20,0.05
2516,2236,14,14,0.05
2517,2058,18,18,0.05
2518,2660,12,12,0.05
2519,2408,10,10,0.05
2520,2589,9,9,0.05
2521,2360,12,12,0.05
2522,2378,13,13,0.05
2523,2509,8,8,0.05
2524,3191,1,1,0.05
2525,2302,14,14,0.05
2526,2668,9,9,0.05
2527,2363,14,14,0.05
2528,2134,17,17,0.05
2529,2905,10,10,0.05
2530,2675,12,12,0.05
2531,2356,14,14,0.05
2532,2176,16,16,0.05
2533,2041,19,19,0.05
2534,2043,19,19,0.05
2535,2061,19,19,0.05
2536,2285,16,16,0.05
2537,2078,19,19,0.05
2538,2588,11,11,0.05
2539,2495,16,16,0.05
2540,2020,19,19,0.05
2541,1951,21,21,0.05
2542,2288,15,15,0.05
2543,2965,3,3,0.05
2544,2068,17,17,0.05
2545,2502,-6,-6,0.05
2546,2238,13,13,0.05
2547,2378,18,18,0.05
2548,2905,9,9,0.05
2549,2329,12,12,0.05
2550,2230,15,15,0.05
2551,2386,14,14,0.05
2552,2608,14,14,0.05
2553,2172,18,18,0.05
2554,2187,14,14,0.05
2555,2215,18,18,0.05
2556,2727,9,9,0.05
2557,1964,20,20,0.05
2558,2270,11,11,0.05
2559,2443,13,13,0.05
2560,2071,18,18,0.05
2561,2339,17,17,0.05
2562,2134,18,18,0.05
2563,2244,18,18,0.05
2564,2244,14,14,0.05
2565,2065,17,17,0.05
2566,2092,19,19,0.05
2567,2112,16,16,0.05
2568,2709,5,5,0.05
2569,2264,16,16,0.05
2570,2398,10,10,0.05
2571,2522,10,10,0.05
2572,2509,16,16,0.05
2573,2056,17,17,0.05
2574,2225,17,17,0.05
2575,2329,14,14,0.05
2576,2216,16,16,0.05
2577,2146,18,18,0.05
2578,2023,19,19,0.05
2579,2204,16,16,0.05
2580,2049,19,19,0.05
2581,2344,12,12,0.05
2582,2837,12,12,0.05
2583,2348,13,13,0.05
2584,1992,19,19,0.05
2585,2407,13,13,0.05
2586,2515,12,12,0.05
2587,2584,13,13,0.05
2588,2355,12,12,0.05
2589,1992,20,20,0.05
2590,2660,11,11,0.05
2591,2332,14,14,0.05
2592,2329,16,16,0.05
2593,2409,12,12,0.05
2594,2524,15,15,0.05
2595,2481,16,16,0.05
2596,2318,13,13,0.05
2597,2251,18,18,0.05
2598,2364,15,15,0.05
2599,2480,13,13,0.05
2600,2169,17,17,0.05
2601,2238,16,16,0.05
2602,2947,5,5,0.05
2603,2290,15,15,0.05
2604,2338,12,12,0.05
2605,2533,10,10,0.05
2606,2375,13,13,0.05
2607,2531,9,9,0.05
2608,2378,14,14,0.05
2609,2576,10,10,0.05
2610,2520,11,11,0.05
2611,3064,5,5,0.05
2612,2754,7,7,0.05
2613,2614,8,8,0.05
2614,2438,12,12,0.05
2615,2190,16,16,0.05
2616,2476,11,11,0.05
2617,2656,11,11,0.05
2618,2681,12,12,0.05
2619,2651,10,10,0.05
2620,2145,17,17,0.05
2621,2111,19,19,0.05
2622,2419,12,12,0.05
2623,2546,12,12,0.05
2624,2219,14,14,0.05
2625,2210,18,18,0.05
2626,2407,13,13,0.05
2627,2065,18,18,0.05
2628,2290,17,17,0.05
2629,2290,16,16,0.05
2630,2657,11,11,0.05
2631,2082,19,19,0.05
2632,2588,11,11,0.05
2633,2406,15,15,0.05
2634,2101,18,18,0.05
2635,2337,14,14,0.05
2636,2394,11,11,0.05
2637,2309,13,13,0.05
2638,2608,11,11,0.05
2639,2428,13,13,0.05
2640,2493,13,13,0.05
2641,2282,15,15,0.05
2642,2345,15,15,0.05
2643,2206,16,16,0.05
2644,2925,7,7,0.05
2645,2592,11,11,0.05
2646,2287,13,13,0.05
2647,2305,15,15,0.05
2648,2484,14,14,0.05
2649,2755,8,8,0.05
2650,2226,16,16,0.05
2651,2222,16,16,0.05
2652,2178,16,16,0.05
2653,2242,16,16,0.05
2654,2274,14,14,0.05
2655,2126,17,17,0.05
2656,2372,14,14,0.05
2657,2220,14,14,0.05
2658,2458,16,16,0.05
2659,2325,16,16,0.05
2660,2020,19,19,0.05
2661,2425,10,10,0.05
2662,2952,10,10,0.05
2663,2222,17,17,0.05
2664,2656,10,10,0.05
2665,2081,19,19,0.05
2666,2853,13,13,0.05
2667,2120,19,19,0.05
2668,2246,18,18,0.05
2669,2160,16,16,0.05
2670,2534,13,13,0.05
2671,2255,18,18,0.05
2672,2311,17,17,0.05
2673,2267,17,17,0.05
2674,2261,18,18,0.05
2675,2171,17,17,0.05
2676,2455,13,13,0.05
2677,2711,8,8,0.05
2678,2122,16,16,0.05
2679,2050,17,17,0.05
2680,2346,15,15,0.05
2681,1951,21,21,0.05
2682,2166,16,16,0.05
2683,2430,12,12,0.05
2684,2487,13,13,0.05
2685,2095,15,15,0.05
2686,2833,7,7,0.05
2687,2717,8,8,0.05
2688,2078,18,18,0.05
2689,2395,14,14,0.05
2690,2361,14,14,0.05
2691,2144,16,16,0.05
2692,2231,17,17,0.05
2693,2104,18,18,0.05
2694,2192,16,16,0.05
2695,2076,18,18,0.05
2696,2312,16,16,0.05
2697,2704,8,8,0.05
2698,2617,10,10,0.05
2699,2337,15,15,0.05
2700,2439,13,13,0.05
2701,2453,13,13,0.05
2702,2191,15,15,0.05
2703,2361,18,18,0.05
2704,2255,16,16,0.05
2705,2067,18,18,0.05
2706,2217,15,15,0.05
2707,2292,16,16,0.05
2708,2381,15,15,0.05
2709,2115,18,18,0.05
2710,2192,16,16,0.05
2711,2088,18,18,0.05
2712,2135,18,18,0.05
2713,2315,13,13,0.05
2714,2370,14,14,0.05
2715,2479,9,9,0.05
2716,2538,13,13,0.05
2717,2226,17,17,0.05
2718,2102,16,16,0.05
2719,2037,19,19,0.05
2720,1998,20,20,0.05
2721,2484,12,12,0.05
2722,2084,18,18,0.05
2723,2318,15,15,0.05
2724,2747,9,9,0.05
2725,2704,10,10,0.05
2726,2682,10,10,0.05
2727,2623,10,10,0.05
2728,2317,13,13,0.05
2729,2464,12,12,0.05
2730,2166,17,17,0.05
2731,2006,20,20,0.05
2732,2190,17,17,0.05
2733,2362,13,13,0.05
2734,2240,13,13,0.05
2735,2462,13,13,0.05
2736,2336,17,17,0.05
2737,2186,15,15,0.05
2738,2546,12,12,0.05
2739,2360,15,15,0.05
2740,2295,16,16,0.05
2741,2271,17,17,0.05
2742,2310,14,14,0.05
2743,2583,7,7,0.05
2744,2191,17,17,0.05
2745,2701,12,12,0.05
2746,2620,7,7,0.05
2747,2405,16,16,0.05
2748,2286,14,14,0.05
2749,2482,12,12,0.05
2750,2438,13,13,0.05
2751,2188,16,16,0.05
2752,2165,18,18,0.05
2753,2372,14,14,0.05
2754,2186,15,15,0.05
2755,2572,13,13,0.05
2756,2428,12,12,0.05
2757,2246,16,16,0.05
2758,2679,8,8,0.05
2759,2234,14,14,0.05
2760,2689,7,7,0.05
2761,2398,13,13,0.05
2762,2353,13,13,0.05
2763,2448,13,13,0.05
2764,2307,17,17,0.05
2765,2562,8,8,0.05
2766,2173,17,17,0.05
2767,2690,6,6,0.05
2768,2698,9,9,0.05
2769,2680,11,11,0.05
2770,2158,18,18,0.05
2771,2394,13,13,0.05
2772,2352,14,14,0.05
2773,2506,10,10,0.05
2774,2444,12,12,0.05
2775,2600,8,8,0.05
2776,2759,7,7,0.05
2777,2273,15,15,0.05
2778,2107,18,18,0.05
2779,2707,12,12,0.05
2780,2246,14,14,0.05
2781,1964,20,20,0.05
2782,2255,16,16,0.05
2783,2365,14,14,0.05
2784,2307,15,15,0.05
2785,2329,14,14,0.05
2786,2267,17,17,0.05
2787,2393,14,14,0.05
2788,2417,14,14,0.05
2789,2244,15,15,0.05
2790,2271,15,15,0.05
2791,2576,10,10,0.05
2792,2282,14,14,0.05
2793,2292,15,15,0.05
2794,2313,14,14,0.05
2795,2432,14,14,0.05
2796,2288,14,14,0.05
2797,2061,19,19,0.05
2798,2175,18,18,0.05
2799,2206,16,16,0.05
2800,2060,18,18,0.05
2801,2332,16,16,0.05
2802,2312,13,13,0.05
2803,2213,16,16,0.05
2804,2054,19,19,0.05
2805,2309,14,14,0.05
2806,2134,17,17,0.05
2807,2161,16,16,0.05
2808,2211,16,16,0.05
2809,2086,19,19,0.05
2810,2221,17,17,0.05
2811,2092,17,17,0.05
2812,2177,16,16,0.05
2813,2295,15,15,0.05
2814,2051,18,18,0.05
2815,2233,14,14,0.05
2816,2401,16,16,0.05
2817,2753,5,5,0.05
2818,2365,11,11,0.05
2819,2427,15,15,0.05
2820,2046,18,18,0.05
2821,1951,21,21,0.05
2822,2385,15,15,0.05
2823,2092,17,17,0.05
2824,2386,14,14,0.05
2825,2022,20,20,0.05
2826,2111,18,18,0.05
2827,2253,15,15,0.05
2828,2277,14,14,0.05
2829,2144,17,17,0.05
2830,2418,14,14,0.05
2831,2427,10,10,0.05
2832,2128,17,17,0.05
2833,2344,17,17,0.05
2834,2333,14,14,0.05
2835,2226,18,18,0.05
2836,2324,13,13,0.05
2837,2244,14,14,0.05
2838,2400,12,12,0.05
2839,2285,15,15,0.05
2840,2522,9,9,0.05
2841,2521,12,12,0.05
2842,2113,20,20,0.05
2843,2114,18,18,0.05
2844,2321,15,15,0.05
2845,2066,18,18,0.05
2846,2000,19,19,0.05
2847,2498,11,11,0.05
2848,2060,18,18,0.05
2849,2678,6,6,0.05
2850,2517,12,12,0.05
2851,2302,18,18,0.05
2852,2164,17,17,0.05
2853,2298,16,16,0.05
2854,2188,16,16,0.05
2855,2006,20,20,0.05
2856,2069,19,19,0.05
2857,2280,15,15,0.05
2858,2291,11,11,0.05
2859,2155,17,17,0.05
2860,2054,18,18,0.05
2861,2144,16,16,0.05
2862,2184,16,16,0.05
2863,2138,16,16,0.05
2864,2388,15,15,0.05
2865,2139,16,16,0.05
2866,1977,19,19,0.05
2867,2021,19,19,0.05
2868,2129,17,17,0.05
2869,2296,15,15,0.05
2870,2242,16,16,0.05
2871,2139,19,19,0.05
2872,2602,8,8,0.05
2873,2010,19,19,0.05
2874,2159,15,15,0.05
2875,2216,16,16,0.05
2876,2206,17,17,0.05
2877,2298,15,15,0.05
2878,2582,9,9,0.05
2879,2329,13,13,0.05
2880,2437,13,13,0.05
2881,2093,19,19,0.05
2882,2009,19,19,0.05
2883,2127,16,16,0.05
2884,1964,20,20,0.05
2885,2534,10,10,0.05
2886,2496,11,11,0.05
2887,2433,10,10,0.05
2888,2035,19,19,0.05
2889,2023,19,19,0.05
2890,2113,17,17,0.05
2891,2006,20,20,0.05
2892,2067,17,17,0.05
2893,2157,16,16,0.05
2894,2121,17,17,0.05
2895,1993,20,20,0.05
2896,2208,19,19,0.05
2897,2238,14,14,0.05
2898,2364,16,16,0.05
2899,2282,15,15,0.05
2900,2714,6,6,0.05
2901,2490,13,13,0.05
2902,2207,15,15,0.05
2903,2505,11,11,0.05
2904,2334,15,15,0.05
2905,2299,13,13,0.05
2906,2320,16,16,0.05
2907,2694,2,2,0.05
2908,2224,15,15,0.05
2909,2184,16,16,0.05
2910,2112,18,18,0.05
2911,2065,19,19,0.05
2912,2214,16,16,0.05
2913,2239,15,15,0.05
2914,2396,14,14,0.05
2915,2156,17,17,0.05
2916,2150,15,15,0.05
2917,2516,13,13,0.05
2918,2335,13,13,0.05
2919,2171,16,16,0.05
2920,2314,14,14,0.05
2921,2035,17,17,0.05
2922,2235,18,18,0.05
2923,2133,17,17,0.05
2924,2148,18,18,0.05
2925,2185,17,17,0.05
2926,2996,7,7,0.05
2927,2041,18,18,0.05
2928,2158,15,15,0.05
2929,1998,20,20,0.05
2930,2472,15,15,0.05
2931,2114,16,16,0.05
2932,2118,18,18,0.05
2933,2399,14,14,0.05
2934,2496,13,13,0.05
2935,2268,15,15,0.05
2936,2142,17,17,0.05
2937,2184,15,15,0.05
2938,2251,15,15,0.05
2939,2121,17,17,0.05
2940,2164,18,18,0.05
2941,2015,20,20,0.05
2942,2414,11,11,0.05
2943,1977,21,21,0.05
2944,2310,14,14,0.05
2945,2213,17,17,0.05
2946,2563,10,10,0.05
2947,2403,13,13,0.05
2948,2561,9,9,0.05
2949,2380,12,12,0.05
2950,2200,17,17,0.05
2951,2130,15,15,0.05
2952,2447,10,10,0.05
2953,2407,12,12,0.05
2954,2252,16,16,0.05
2955,2330,13,13,0.05
2956,2148,15,15,0.05
2957,1996,20,20,0.05
2958,2089,17,17,0.05
2959,2238,15,15,0.05
2960,2033,19,19,0.05
2961,2442,13,13,0.05
2962,2097,19,19,0.05
2963,2332,11,11,0.05
2964,2066,18,18,0.05
2965,2231,14,14,0.05
2966,2023,19,19,0.05
2967,2246,15,15,0.05
2968,2110,19,19,0.05
2969,2128,18,18,0.05
2970,2189,16,16,0.05
2971,2177,16,16,0.05
2972,2484,10,10,0.05
2973,2079,18,18,0.05
2974,2323,15,15,0.05
2975,2447,13,13,0.05
2976,2232,12,12,0.05
2977,2358,14,14,0.05
2978,2111,19,19,0.05
2979,2613,11,11,0.05
2980,2866,9,9,0.05
2981,2287,17,17,0.05
2982,2508,16,16,0.05
2983,2411,12,12,0.05
2984,2210,16,16,0.05
2985,2250,14,14,0.05
2986,2217,17,17,0.05
2987,2359,17,17,0.05
2988,2035,19,19,0.05
2989,2349,15,15,0.05
2990,2382,16,16,0.05
2991,2232,14,14,0.05
2992,2348,12,12,0.05
2993,2294,17,17,0.05
2994,2237,14,14,0.05
2995,2303,15,15,0.05
2996,2105,16,16,0.05
2997,2341,14,14,0.05
2998,2213,16,16,0.05
2999,2285,17,17,0.05
