Breakout,,,,,
Episode Number,Episode Steps,Cumulative Steps,Reward,Score,Epsilon
0,173,173,1,1,0.99827
1,228,401,2,2,0.99599
2,210,611,2,2,0.99389
3,170,781,1,1,0.99219
4,212,993,2,2,0.99007
5,205,1198,2,2,0.98802
6,135,1333,0,0,0.98667
7,259,1592,3,3,0.98408
8,201,1793,2,2,0.98207
9,248,2041,3,3,0.97959
10,132,2173,0,0,0.97827
11,294,2467,4,4,0.97533
12,174,2641,1,1,0.97359
13,141,2782,0,0,0.97218
14,134,2916,0,0,0.97084
15,131,3047,0,0,0.96953
16,213,3260,2,2,0.9674
17,158,3418,1,1,0.96582
18,136,3554,0,0,0.96446
19,202,3756,2,2,0.96244
20,200,3956,2,2,0.96044
21,139,4095,0,0,0.95905
22,142,4237,0,0,0.95763
23,174,4411,1,1,0.95589
24,240,4651,3,3,0.95349
25,148,4799,0,0,0.95201
26,131,4930,0,0,0.9507
27,127,5057,0,0,0.94943
28,129,5186,0,0,0.94814
29,171,5357,1,1,0.94643
30,159,5516,1,1,0.94484
31,165,5681,1,1,0.94319
32,289,5970,4,4,0.9403
33,181,6151,1,1,0.93849
34,129,6280,0,0,0.9372
35,234,6514,2,2,0.93486
36,229,6743,2,2,0.93257
37,139,6882,0,0,0.93118
38,359,7241,5,5,0.92759
39,128,7369,0,0,0.92631
40,203,7572,2,2,0.92428
41,133,7705,0,0,0.92295
42,132,7837,0,0,0.92163
43,163,8000,1,1,0.92
44,282,8282,3,3,0.91718
45,187,8469,2,2,0.91531
46,131,8600,0,0,0.914
47,129,8729,0,0,0.91271
48,128,8857,0,0,0.91143
49,134,8991,0,0,0.91009
50,206,9197,2,2,0.90803
51,203,9400,2,2,0.906
52,183,9583,1,1,0.90417
53,163,9746,1,1,0.90254
54,230,9976,2,2,0.90024
55,165,10141,1,1,0.89859
56,189,10330,1,1,0.8967
57,213,10543,2,2,0.89457
58,173,10716,1,1,0.89284
59,155,10871,1,1,0.89129
60,126,10997,0,0,0.89003
61,180,11177,1,1,0.88823
62,131,11308,0,0,0.88692
63,150,11458,0,0,0.88542
64,262,11720,3,3,0.8828
65,188,11908,1,1,0.88092
66,155,12063,1,1,0.87937
67,170,12233,1,1,0.87767
68,216,12449,2,2,0.87551
69,134,12583,0,0,0.87417
70,196,12779,2,2,0.87221
71,268,13047,3,3,0.86953
72,155,13202,1,1,0.86798
73,162,13364,1,1,0.86636
74,134,13498,0,0,0.86502
75,125,13623,0,0,0.86377
76,144,13767,0,0,0.86233
77,136,13903,0,0,0.86097
78,146,14049,0,0,0.85951
79,129,14178,0,0,0.85822
80,132,14310,0,0,0.8569
81,156,14466,0,0,0.85534
82,147,14613,0,0,0.85387
83,166,14779,1,1,0.85221
84,145,14924,0,0,0.85076
85,150,15074,0,0,0.84926
86,160,15234,1,1,0.84766
87,278,15512,3,3,0.84488
88,189,15701,1,1,0.84299
89,255,15956,3,3,0.84044
90,204,16160,2,2,0.8384
91,134,16294,0,0,0.83706
92,135,16429,0,0,0.83571
93,125,16554,0,0,0.83446
94,202,16756,2,2,0.83244
95,155,16911,0,0,0.83089
96,179,17090,1,1,0.8291
97,193,17283,1,1,0.82717
98,309,17592,4,4,0.82408
99,211,17803,2,2,0.82197
100,174,17977,1,1,0.82023
101,180,18157,1,1,0.81843
102,171,18328,1,1,0.81672
103,126,18454,0,0,0.81546
104,125,18579,0,0,0.81421
105,134,18713,0,0,0.81287
106,128,18841,0,0,0.81159
107,134,18975,0,0,0.81025
108,270,19245,3,3,0.80755
109,145,19390,0,0,0.8061
110,182,19572,1,1,0.80428
111,181,19753,1,1,0.80247
112,128,19881,0,0,0.80119
113,280,20161,3,3,0.79839
114,181,20342,1,1,0.79658
115,141,20483,0,0,0.79517
116,162,20645,0,0,0.79355
117,145,20790,0,0,0.7921
118,145,20935,0,0,0.79065
119,133,21068,0,0,0.78932
120,172,21240,1,1,0.7876
121,195,21435,2,2,0.78565
122,148,21583,0,0,0.78417
123,191,21774,1,1,0.78226
124,158,21932,1,1,0.78068
125,312,22244,4,4,0.77756
126,184,22428,1,1,0.77572
127,213,22641,2,2,0.77359
128,141,22782,0,0,0.77218
129,293,23075,4,4,0.76925
130,145,23220,0,0,0.7678
131,154,23374,1,1,0.76626
132,154,23528,0,0,0.76472
133,143,23671,0,0,0.76329
134,138,23809,0,0,0.76191
135,139,23948,0,0,0.76052
136,144,24092,0,0,0.75908
137,212,24304,2,2,0.75696
138,185,24489,1,1,0.75511
139,314,24803,4,4,0.75197
140,132,24935,0,0,0.75065
141,257,25192,3,3,0.74808
142,141,25333,0,0,0.74667
143,129,25462,0,0,0.74538
144,133,25595,0,0,0.74405
145,128,25723,0,0,0.74277
146,187,25910,1,1,0.7409
147,200,26110,2,2,0.7389
148,135,26245,0,0,0.73755
149,282,26527,3,3,0.73473
150,145,26672,0,0,0.73328
151,130,26802,0,0,0.73198
152,195,26997,1,1,0.73003
153,137,27134,0,0,0.72866
154,146,27280,0,0,0.7272
155,131,27411,0,0,0.72589
156,164,27575,1,1,0.72425
157,143,27718,0,0,0.72282
158,134,27852,0,0,0.72148
159,146,27998,0,0,0.72002
160,179,28177,1,1,0.71823
161,235,28412,3,3,0.71588
162,203,28615,1,1,0.71385
163,172,28787,1,1,0.71213
164,192,28979,2,2,0.71021
165,171,29150,1,1,0.7085
166,234,29384,3,3,0.70616
167,152,29536,0,0,0.70464
168,126,29662,0,0,0.70338
169,133,29795,0,0,0.70205
170,227,30022,2,2,0.69978
171,173,30195,1,1,0.69805
172,165,30360,1,1,0.6964
173,133,30493,0,0,0.69507
174,207,30700,2,2,0.693
175,143,30843,0,0,0.69157
176,179,31022,1,1,0.68978
177,134,31156,0,0,0.68844
178,288,31444,4,4,0.68556
179,216,31660,3,3,0.6834
180,130,31790,0,0,0.6821
181,181,31971,1,1,0.68029
182,131,32102,0,0,0.67898
183,141,32243,0,0,0.67757
184,138,32381,0,0,0.67619
185,180,32561,1,1,0.67439
186,134,32695,0,0,0.67305
187,205,32900,2,2,0.671
188,142,33042,0,0,0.66958
189,175,33217,1,1,0.66783
190,166,33383,1,1,0.66617
191,142,33525,0,0,0.66475
192,137,33662,0,0,0.66338
193,264,33926,4,4,0.66074
194,199,34125,2,2,0.65875
195,131,34256,0,0,0.65744
196,192,34448,2,2,0.65552
197,139,34587,0,0,0.65413
198,236,34823,3,3,0.65177
199,180,35003,1,1,0.64997
200,196,35199,2,2,0.64801
201,218,35417,2,2,0.64583
202,243,35660,3,3,0.6434
203,249,35909,3,3,0.64091
204,184,36093,2,2,0.63907
205,131,36224,0,0,0.63776
206,190,36414,2,2,0.63586
207,232,36646,3,3,0.63354
208,209,36855,2,2,0.63145
209,166,37021,1,1,0.62979
210,127,37148,0,0,0.62852
211,179,37327,1,1,0.62673
212,328,37655,4,4,0.62345
213,227,37882,2,2,0.62118
214,134,38016,0,0,0.61984
215,140,38156,0,0,0.61844
216,160,38316,1,1,0.61684
217,271,38587,4,4,0.61413
218,159,38746,1,1,0.61254
219,213,38959,2,2,0.61041
220,227,39186,2,2,0.60814
221,353,39539,6,6,0.60461
222,156,39695,1,1,0.60305
223,172,39867,1,1,0.60133
224,130,39997,0,0,0.60003
225,154,40151,1,1,0.59849
226,255,40406,3,3,0.59594
227,202,40608,2,2,0.59392
228,213,40821,2,2,0.59179
229,257,41078,3,3,0.58922
230,185,41263,1,1,0.58737
231,174,41437,1,1,0.58563
232,224,41661,3,3,0.58339
233,248,41909,3,3,0.58091
234,243,42152,3,3,0.57848
235,147,42299,0,0,0.57701
236,189,42488,2,2,0.57512
237,126,42614,0,0,0.57386
238,147,42761,0,0,0.57239
239,206,42967,2,2,0.57033
240,204,43171,2,2,0.56829
241,188,43359,2,2,0.56641
242,280,43639,4,4,0.56361
243,209,43848,2,2,0.56152
244,194,44042,2,2,0.55958
245,131,44173,0,0,0.55827
246,189,44362,2,2,0.55638
247,206,44568,2,2,0.55432
248,222,44790,2,2,0.5521
249,200,44990,2,2,0.5501
250,185,45175,1,1,0.54825
251,212,45387,2,2,0.54613
252,204,45591,2,2,0.54409
253,146,45737,0,0,0.54263
254,291,46028,4,4,0.53972
255,273,46301,3,3,0.53699
256,222,46523,3,3,0.53477
257,196,46719,2,2,0.53281
258,195,46914,2,2,0.53086
259,205,47119,2,2,0.52881
260,255,47374,3,3,0.52626
261,191,47565,1,1,0.52435
262,193,47758,2,2,0.52242
263,276,48034,4,4,0.51966
264,237,48271,3,3,0.51729
265,156,48427,1,1,0.51573
266,128,48555,0,0,0.51445
267,146,48701,0,0,0.51299
268,129,48830,0,0,0.5117
269,273,49103,4,4,0.50897
270,135,49238,0,0,0.50762
271,200,49438,2,2,0.50562
272,163,49601,1,1,0.50399
273,302,49903,5,5,0.50097
274,267,50170,3,3,0.4983
275,195,50365,2,2,0.49635
276,182,50547,2,2,0.49453
277,177,50724,1,1,0.49276
278,174,50898,1,1,0.49102
279,158,51056,1,1,0.48944
280,183,51239,2,2,0.48761
281,281,51520,4,4,0.4848
282,277,51797,4,4,0.48203
283,232,52029,3,3,0.47971
284,188,52217,2,2,0.47783
285,235,52452,3,3,0.47548
286,158,52610,1,1,0.4739
287,199,52809,2,2,0.47191
288,160,52969,1,1,0.47031
289,175,53144,1,1,0.46856
290,241,53385,3,3,0.46615
291,258,53643,4,7,0.46357
292,241,53884,3,3,0.46116
293,256,54140,3,3,0.4586
294,171,54311,1,1,0.45689
295,362,54673,6,6,0.45327
296,207,54880,2,2,0.4512
297,226,55106,3,3,0.44894
298,378,55484,6,6,0.44516
299,165,55649,1,1,0.44351
300,259,55908,4,7,0.44092
301,188,56096,2,2,0.43904
302,229,56325,2,2,0.43675
303,303,56628,5,11,0.43372
304,256,56884,3,3,0.43116
305,202,57086,2,2,0.42914
306,235,57321,3,3,0.42679
307,354,57675,5,5,0.42325
308,222,57897,3,3,0.42103
309,283,58180,4,4,0.4182
310,268,58448,4,4,0.41552
311,267,58715,4,4,0.41285
312,266,58981,4,4,0.41019
313,231,59212,3,3,0.40788
314,310,59522,5,5,0.40478
315,221,59743,3,3,0.40257
316,233,59976,3,3,0.40024
317,168,60144,1,1,0.39856
318,238,60382,3,3,0.39618
319,238,60620,3,3,0.3938
320,259,60879,4,4,0.39121
321,151,61030,1,1,0.3897
322,242,61272,3,3,0.38728
323,311,61583,5,5,0.38417
324,188,61771,2,2,0.38229
325,236,62007,3,3,0.37993
326,227,62234,3,3,0.37766
327,233,62467,3,3,0.37533
328,263,62730,4,4,0.3727
329,220,62950,3,3,0.3705
330,222,63172,3,3,0.36828
331,325,63497,5,5,0.36503
332,357,63854,6,6,0.36146
333,185,64039,2,2,0.35961
334,310,64349,5,5,0.35651
335,316,64665,5,5,0.35335
336,329,64994,5,5,0.35006
337,241,65235,3,3,0.34765
338,198,65433,2,2,0.34567
339,231,65664,3,3,0.34336
340,283,65947,5,11,0.34053
341,243,66190,3,3,0.3381
342,298,66488,5,11,0.33512
343,277,66765,5,11,0.33235
344,330,67095,5,5,0.32905
345,150,67245,1,1,0.32755
346,201,67446,2,2,0.32554
347,217,67663,3,3,0.32337
348,291,67954,4,4,0.32046
349,247,68201,4,7,0.31799
350,210,68411,2,2,0.31589
351,202,68613,2,2,0.31387
352,220,68833,3,3,0.31167
353,247,69080,4,4,0.3092
354,328,69408,5,5,0.30592
355,270,69678,5,11,0.30322
356,185,69863,2,2,0.30137
357,217,70080,3,3,0.2992
358,229,70309,3,3,0.29691
359,223,70532,3,3,0.29468
360,227,70759,3,3,0.29241
361,216,70975,3,3,0.29025
362,217,71192,3,3,0.28808
363,372,71564,7,10,0.28436
364,231,71795,3,3,0.28205
365,215,72010,3,3,0.2799
366,132,72142,0,0,0.27858
367,275,72417,4,4,0.27583
368,251,72668,4,4,0.27332
369,210,72878,3,3,0.27122
370,297,73175,5,5,0.26825
371,403,73578,7,10,0.26422
372,303,73881,5,8,0.26119
373,240,74121,4,4,0.25879
374,155,74276,1,1,0.25724
375,181,74457,2,2,0.25543
376,260,74717,4,4,0.25283
377,390,75107,7,7,0.24893
378,234,75341,3,3,0.24659
379,265,75606,4,4,0.24394
380,226,75832,3,3,0.24168
381,184,76016,2,2,0.23984
382,380,76396,7,7,0.23604
383,185,76581,2,2,0.23419
384,256,76837,3,3,0.23163
385,215,77052,3,3,0.22948
386,154,77206,1,1,0.22794
387,183,77389,2,2,0.22611
388,283,77672,4,4,0.22328
389,199,77871,2,2,0.22129
390,242,78113,3,3,0.21887
391,306,78419,4,4,0.21581
392,184,78603,2,2,0.21397
393,315,78918,5,8,0.21082
394,264,79182,4,4,0.20818
395,247,79429,4,7,0.20571
396,314,79743,5,5,0.20257
397,387,80130,7,7,0.1987
398,226,80356,3,3,0.19644
399,225,80581,3,3,0.19419
400,247,80828,4,7,0.19172
401,247,81075,3,3,0.18925
402,244,81319,3,3,0.18681
403,291,81610,5,8,0.1839
404,266,81876,4,4,0.18124
405,311,82187,4,4,0.17813
406,285,82472,5,8,0.17528
407,316,82788,5,5,0.17212
408,314,83102,5,5,0.16898
409,309,83411,5,5,0.16589
410,157,83568,1,1,0.16432
411,264,83832,4,4,0.16168
412,249,84081,4,7,0.15919
413,248,84329,4,7,0.15671
414,346,84675,6,6,0.15325
415,282,84957,4,4,0.15043
416,318,85275,5,8,0.14725
417,306,85581,5,5,0.14419
418,262,85843,4,4,0.14157
419,263,86106,4,4,0.13894
420,268,86374,5,11,0.13626
421,452,86826,7,13,0.13174
422,279,87105,5,11,0.12895
423,273,87378,5,11,0.12622
424,236,87614,3,3,0.12386
425,345,87959,6,6,0.12041
426,201,88160,2,2,0.1184
427,409,88569,7,7,0.11431
428,266,88835,3,3,0.11165
429,292,89127,5,5,0.10873
430,294,89421,4,4,0.10579
431,511,89932,6,12,0.10068
432,290,90222,3,3,0.1
433,291,90513,5,11,0.1
434,214,90727,3,3,0.1
435,135,90862,0,0,0.1
436,247,91109,3,3,0.1
437,203,91312,2,2,0.1
438,177,91489,1,1,0.1
439,268,91757,5,11,0.1
440,385,92142,7,10,0.1
441,354,92496,5,11,0.1
442,407,92903,6,12,0.1
443,346,93249,4,7,0.1
444,278,93527,3,3,0.1
445,296,93823,5,8,0.1
446,289,94112,4,7,0.1
447,347,94459,4,4,0.1
448,511,94970,7,10,0.1
449,311,95281,4,4,0.1
450,521,95802,4,4,0.1
451,229,96031,3,3,0.1
452,170,96201,1,1,0.1
453,198,96399,2,2,0.1
454,207,96606,2,2,0.1
455,213,96819,3,3,0.1
456,323,97142,5,5,0.1
457,182,97324,2,2,0.1
458,318,97642,4,4,0.1
459,245,97887,4,4,0.1
460,350,98237,6,9,0.1
461,185,98422,2,2,0.1
462,202,98624,2,2,0.1
463,249,98873,4,4,0.1
464,272,99145,4,4,0.1
465,214,99359,3,3,0.1
466,232,99591,3,3,0.1
467,298,99889,5,8,0.1
468,206,100095,2,2,0.1
469,182,100277,2,2,0.1
470,259,100536,4,4,0.1
471,211,100747,3,3,0.1
472,205,100952,2,2,0.1
473,201,101153,2,2,0.1
474,266,101419,4,4,0.1
475,241,101660,4,4,0.1
476,329,101989,6,9,0.1
477,247,102236,4,4,0.1
478,241,102477,4,4,0.1
479,181,102658,2,2,0.1
480,234,102892,3,3,0.1
481,266,103158,4,4,0.1
482,184,103342,2,2,0.1
483,274,103616,5,8,0.1
484,361,103977,7,10,0.1
485,252,104229,3,3,0.1
486,207,104436,2,2,0.1
487,230,104666,2,2,0.1
488,382,105048,6,12,0.1
489,397,105445,7,10,0.1
490,266,105711,4,4,0.1
491,353,106064,6,12,0.1
492,274,106338,5,8,0.1
493,424,106762,4,7,0.1
494,460,107222,7,7,0.1
495,528,107750,6,12,0.1
496,343,108093,5,11,0.1
497,412,108505,6,6,0.1
498,252,108757,4,7,0.1
499,273,109030,4,7,0.1
500,267,109297,4,7,0.1
501,329,109626,6,6,0.1
502,291,109917,4,4,0.1
503,211,110128,2,2,0.1
504,252,110380,3,3,0.1
505,294,110674,2,2,0.1
506,251,110925,4,7,0.1
507,402,111327,7,7,0.1
508,260,111587,4,4,0.1
509,273,111860,2,2,0.1
510,321,112181,6,12,0.1
511,234,112415,3,3,0.1
512,269,112684,3,3,0.1
513,338,113022,4,4,0.1
514,297,113319,5,5,0.1
515,349,113668,6,12,0.1
516,399,114067,5,5,0.1
517,238,114305,3,3,0.1
518,214,114519,3,3,0.1
519,316,114835,5,8,0.1
520,340,115175,6,9,0.1
521,281,115456,4,7,0.1
522,265,115721,4,7,0.1
523,337,116058,6,6,0.1
524,235,116293,3,3,0.1
525,323,116616,5,5,0.1
526,354,116970,6,12,0.1
527,294,117264,4,4,0.1
528,258,117522,2,2,0.1
529,231,117753,3,3,0.1
530,373,118126,6,9,0.1
531,329,118455,4,4,0.1
532,203,118658,2,2,0.1
533,354,119012,5,8,0.1
534,331,119343,5,11,0.1
535,367,119710,4,4,0.1
536,324,120034,4,4,0.1
537,237,120271,1,1,0.1
538,307,120578,4,4,0.1
539,283,120861,4,4,0.1
540,319,121180,3,3,0.1
541,297,121477,5,5,0.1
542,294,121771,5,11,0.1
543,415,122186,5,5,0.1
544,298,122484,4,7,0.1
545,254,122738,4,4,0.1
546,357,123095,5,5,0.1
547,246,123341,4,7,0.1
548,363,123704,6,6,0.1
549,243,123947,3,3,0.1
550,221,124168,3,3,0.1
551,331,124499,5,5,0.1
552,364,124863,4,4,0.1
553,451,125314,6,9,0.1
554,244,125558,3,3,0.1
555,292,125850,5,11,0.1
556,230,126080,2,2,0.1
557,248,126328,4,4,0.1
558,225,126553,3,3,0.1
559,291,126844,4,4,0.1
560,291,127135,4,4,0.1
561,463,127598,7,10,0.1
562,377,127975,5,8,0.1
563,352,128327,6,9,0.1
564,477,128804,9,9,0.1
565,233,129037,3,3,0.1
566,276,129313,4,4,0.1
567,183,129496,2,2,0.1
568,213,129709,2,2,0.1
569,202,129911,2,2,0.1
570,242,130153,4,4,0.1
571,246,130399,3,3,0.1
572,327,130726,6,9,0.1
573,216,130942,3,3,0.1
574,253,131195,4,7,0.1
575,216,131411,3,3,0.1
576,245,131656,3,3,0.1
577,184,131840,2,2,0.1
578,419,132259,8,11,0.1
579,244,132503,4,4,0.1
580,425,132928,5,8,0.1
581,298,133226,5,8,0.1
582,276,133502,4,4,0.1
583,212,133714,3,3,0.1
584,210,133924,3,3,0.1
585,221,134145,3,3,0.1
586,332,134477,6,12,0.1
587,182,134659,2,2,0.1
588,213,134872,3,3,0.1
589,298,135170,6,12,0.1
590,253,135423,4,7,0.1
591,210,135633,3,3,0.1
592,251,135884,4,7,0.1
593,414,136298,6,9,0.1
594,307,136605,5,8,0.1
595,505,137110,10,13,0.1
596,255,137365,3,3,0.1
597,271,137636,5,11,0.1
598,248,137884,4,7,0.1
599,313,138197,5,11,0.1
600,329,138526,4,4,0.1
601,245,138771,4,7,0.1
602,335,139106,6,12,0.1
603,270,139376,5,11,0.1
604,396,139772,7,10,0.1
605,271,140043,5,11,0.1
606,244,140287,4,4,0.1
607,267,140554,5,11,0.1
608,344,140898,6,6,0.1
609,262,141160,4,4,0.1
610,422,141582,7,16,0.1
611,490,142072,7,13,0.1
612,315,142387,5,8,0.1
613,342,142729,6,6,0.1
614,270,142999,5,11,0.1
615,246,143245,4,7,0.1
616,262,143507,4,4,0.1
617,277,143784,4,7,0.1
618,371,144155,4,4,0.1
619,277,144432,5,8,0.1
620,368,144800,7,10,0.1
621,262,145062,4,4,0.1
622,342,145404,6,9,0.1
623,277,145681,5,8,0.1
624,316,145997,4,7,0.1
625,266,146263,4,4,0.1
626,405,146668,8,11,0.1
627,324,146992,6,9,0.1
628,281,147273,5,8,0.1
629,257,147530,4,7,0.1
630,267,147797,5,11,0.1
631,269,148066,5,11,0.1
632,214,148280,3,3,0.1
633,256,148536,4,7,0.1
634,319,148855,6,12,0.1
635,247,149102,4,7,0.1
636,248,149350,4,7,0.1
637,316,149666,6,12,0.1
638,263,149929,4,4,0.1
639,245,150174,4,4,0.1
640,424,150598,6,12,0.1
641,300,150898,5,8,0.1
642,248,151146,2,2,0.1
643,296,151442,5,8,0.1
644,308,151750,5,5,0.1
645,261,152011,4,4,0.1
646,214,152225,3,3,0.1
647,246,152471,4,7,0.1
648,267,152738,5,11,0.1
649,279,153017,5,8,0.1
650,245,153262,4,4,0.1
651,325,153587,5,11,0.1
652,246,153833,4,7,0.1
653,347,154180,6,9,0.1
654,254,154434,4,7,0.1
655,279,154713,5,8,0.1
656,289,155002,5,5,0.1
657,212,155214,3,3,0.1
658,262,155476,4,4,0.1
659,268,155744,5,11,0.1
660,306,156050,5,11,0.1
661,297,156347,5,8,0.1
662,347,156694,6,6,0.1
663,378,157072,7,13,0.1
664,319,157391,6,12,0.1
665,324,157715,5,5,0.1
666,553,158268,4,7,0.1
667,264,158532,3,3,0.1
668,300,158832,5,11,0.1
669,281,159113,3,3,0.1
670,297,159410,4,7,0.1
671,330,159740,6,9,0.1
672,300,160040,4,4,0.1
673,314,160354,4,7,0.1
674,280,160634,5,8,0.1
675,341,160975,7,10,0.1
676,203,161178,2,2,0.1
677,252,161430,4,7,0.1
678,330,161760,5,5,0.1
679,183,161943,2,2,0.1
680,246,162189,4,4,0.1
681,247,162436,4,7,0.1
682,365,162801,7,13,0.1
683,307,163108,5,8,0.1
684,231,163339,3,3,0.1
685,358,163697,6,6,0.1
686,298,163995,6,12,0.1
687,271,164266,5,11,0.1
688,392,164658,6,12,0.1
689,247,164905,4,7,0.1
690,268,165173,4,4,0.1
691,213,165386,3,3,0.1
692,287,165673,4,4,0.1
693,232,165905,3,3,0.1
694,304,166209,5,8,0.1
695,266,166475,4,4,0.1
696,336,166811,6,9,0.1
697,435,167246,6,6,0.1
698,355,167601,7,13,0.1
699,244,167845,4,4,0.1
700,353,168198,6,9,0.1
701,277,168475,4,4,0.1
702,338,168813,6,12,0.1
703,260,169073,4,7,0.1
704,252,169325,3,3,0.1
705,268,169593,4,4,0.1
706,248,169841,4,7,0.1
707,297,170138,4,7,0.1
708,343,170481,6,12,0.1
709,347,170828,6,12,0.1
710,320,171148,4,7,0.1
711,246,171394,4,7,0.1
712,323,171717,6,6,0.1
713,262,171979,4,4,0.1
714,330,172309,5,11,0.1
715,347,172656,6,9,0.1
716,283,172939,6,12,0.1
717,282,173221,3,3,0.1
718,481,173702,8,11,0.1
719,306,174008,4,7,0.1
720,378,174386,6,6,0.1
721,267,174653,5,11,0.1
722,255,174908,4,7,0.1
723,243,175151,4,4,0.1
724,317,175468,4,4,0.1
725,339,175807,6,6,0.1
726,213,176020,3,3,0.1
727,154,176174,1,1,0.1
728,325,176499,5,8,0.1
729,250,176749,4,7,0.1
730,283,177032,5,5,0.1
731,236,177268,3,3,0.1
732,285,177553,4,7,0.1
733,369,177922,4,7,0.1
734,315,178237,5,5,0.1
735,241,178478,3,3,0.1
736,326,178804,5,5,0.1
737,181,178985,2,2,0.1
738,246,179231,4,7,0.1
739,214,179445,3,3,0.1
740,246,179691,4,4,0.1
741,246,179937,4,7,0.1
742,215,180152,3,3,0.1
743,295,180447,5,5,0.1
744,300,180747,5,8,0.1
745,267,181014,5,11,0.1
746,292,181306,5,5,0.1
747,319,181625,5,8,0.1
748,270,181895,5,11,0.1
749,263,182158,4,7,0.1
750,399,182557,6,6,0.1
751,275,182832,5,8,0.1
752,340,183172,5,5,0.1
753,280,183452,4,7,0.1
754,450,183902,8,8,0.1
755,218,184120,3,3,0.1
756,351,184471,6,9,0.1
757,282,184753,4,4,0.1
758,325,185078,6,9,0.1
759,338,185416,6,9,0.1
760,296,185712,5,5,0.1
761,324,186036,6,6,0.1
762,322,186358,5,5,0.1
763,296,186654,5,8,0.1
764,267,186921,5,11,0.1
765,276,187197,4,7,0.1
766,275,187472,4,7,0.1
767,250,187722,4,7,0.1
768,291,188013,5,8,0.1
769,250,188263,4,7,0.1
770,319,188582,6,12,0.1
771,300,188882,5,8,0.1
772,331,189213,5,5,0.1
773,244,189457,4,4,0.1
774,313,189770,5,5,0.1
775,248,190018,4,7,0.1
776,427,190445,8,8,0.1
777,126,190571,0,0,0.1
778,342,190913,6,9,0.1
779,185,191098,2,2,0.1
780,250,191348,3,3,0.1
781,296,191644,5,5,0.1
782,246,191890,4,4,0.1
783,202,192092,2,2,0.1
784,253,192345,4,7,0.1
785,247,192592,4,4,0.1
786,379,192971,7,7,0.1
787,257,193228,4,7,0.1
788,303,193531,4,7,0.1
789,340,193871,6,12,0.1
790,313,194184,6,6,0.1
791,247,194431,4,7,0.1
792,218,194649,2,2,0.1
793,307,194956,5,5,0.1
794,305,195261,5,5,0.1
795,236,195497,3,3,0.1
796,385,195882,7,7,0.1
797,270,196152,5,11,0.1
798,230,196382,3,3,0.1
799,271,196653,5,5,0.1
800,218,196871,3,3,0.1
801,283,197154,4,7,0.1
802,293,197447,5,5,0.1
803,352,197799,6,9,0.1
804,248,198047,4,7,0.1
805,312,198359,6,6,0.1
806,214,198573,3,3,0.1
807,282,198855,3,3,0.1
808,280,199135,5,11,0.1
809,245,199380,4,7,0.1
810,248,199628,4,4,0.1
811,271,199899,4,4,0.1
812,380,200279,8,14,0.1
813,263,200542,4,4,0.1
814,268,200810,5,11,0.1
815,247,201057,4,7,0.1
816,251,201308,4,7,0.1
817,249,201557,4,7,0.1
818,246,201803,4,7,0.1
819,215,202018,3,3,0.1
820,253,202271,3,3,0.1
821,267,202538,4,4,0.1
822,259,202797,4,7,0.1
823,281,203078,5,8,0.1
824,246,203324,3,3,0.1
825,212,203536,3,3,0.1
826,323,203859,6,9,0.1
827,214,204073,3,3,0.1
828,361,204434,6,6,0.1
829,255,204689,4,7,0.1
830,311,205000,5,5,0.1
831,229,205229,3,3,0.1
832,324,205553,6,9,0.1
833,276,205829,5,11,0.1
834,261,206090,4,7,0.1
835,294,206384,5,8,0.1
836,340,206724,5,11,0.1
837,271,206995,4,4,0.1
838,285,207280,5,8,0.1
839,331,207611,5,8,0.1
840,384,207995,7,7,0.1
841,254,208249,4,4,0.1
842,270,208519,5,11,0.1
843,456,208975,9,12,0.1
844,269,209244,4,4,0.1
845,276,209520,5,8,0.1
846,283,209803,6,12,0.1
847,215,210018,3,3,0.1
848,284,210302,4,7,0.1
849,183,210485,2,2,0.1
850,325,210810,5,8,0.1
851,269,211079,5,11,0.1
852,391,211470,8,8,0.1
853,269,211739,5,11,0.1
854,248,211987,4,7,0.1
855,414,212401,5,8,0.1
856,300,212701,6,12,0.1
857,276,212977,5,11,0.1
858,329,213306,6,6,0.1
859,314,213620,5,8,0.1
860,287,213907,5,11,0.1
861,302,214209,5,11,0.1
862,400,214609,8,11,0.1
863,305,214914,5,11,0.1
864,275,215189,5,8,0.1
865,250,215439,4,4,0.1
866,214,215653,3,3,0.1
867,271,215924,5,11,0.1
868,267,216191,5,11,0.1
869,299,216490,5,8,0.1
870,305,216795,6,12,0.1
871,266,217061,3,3,0.1
872,256,217317,4,4,0.1
873,393,217710,7,10,0.1
874,304,218014,5,8,0.1
875,266,218280,4,4,0.1
876,247,218527,4,7,0.1
877,306,218833,6,9,0.1
878,221,219054,3,3,0.1
879,398,219452,6,6,0.1
880,370,219822,8,11,0.1
881,329,220151,6,9,0.1
882,410,220561,8,11,0.1
883,267,220828,5,11,0.1
884,242,221070,4,4,0.1
885,326,221396,6,9,0.1
886,274,221670,5,8,0.1
887,405,222075,8,8,0.1
888,355,222430,6,6,0.1
889,215,222645,3,3,0.1
890,279,222924,5,8,0.1
891,358,223282,6,6,0.1
892,215,223497,3,3,0.1
893,288,223785,5,8,0.1
894,265,224050,4,4,0.1
895,212,224262,3,3,0.1
896,249,224511,4,4,0.1
897,229,224740,3,3,0.1
898,315,225055,5,5,0.1
899,426,225481,7,7,0.1
900,211,225692,3,3,0.1
901,245,225937,4,4,0.1
902,245,226182,4,4,0.1
903,326,226508,5,5,0.1
904,327,226835,6,9,0.1
905,342,227177,6,6,0.1
906,213,227390,3,3,0.1
907,345,227735,6,9,0.1
908,308,228043,6,9,0.1
909,271,228314,4,4,0.1
910,244,228558,4,4,0.1
911,294,228852,5,8,0.1
912,361,229213,7,10,0.1
913,428,229641,8,11,0.1
914,288,229929,5,5,0.1
915,474,230403,10,13,0.1
916,308,230711,6,6,0.1
917,284,230995,5,8,0.1
918,277,231272,5,8,0.1
919,378,231650,6,9,0.1
920,306,231956,6,6,0.1
921,504,232460,10,10,0.1
922,418,232878,8,11,0.1
923,277,233155,5,8,0.1
924,307,233462,6,9,0.1
925,312,233774,5,8,0.1
926,359,234133,7,13,0.1
927,389,234522,6,9,0.1
928,314,234836,6,6,0.1
929,272,235108,4,4,0.1
930,395,235503,7,10,0.1
931,372,235875,7,10,0.1
932,469,236344,6,12,0.1
933,300,236644,6,12,0.1
934,322,236966,6,12,0.1
935,269,237235,5,11,0.1
936,349,237584,7,13,0.1
937,307,237891,5,8,0.1
938,247,238138,4,7,0.1
939,249,238387,4,4,0.1
940,320,238707,6,12,0.1
941,364,239071,6,6,0.1
942,298,239369,5,8,0.1
943,462,239831,9,12,0.1
944,247,240078,4,7,0.1
945,262,240340,4,4,0.1
946,321,240661,6,9,0.1
947,278,240939,5,8,0.1
948,444,241383,9,12,0.1
949,365,241748,6,6,0.1
950,461,242209,9,15,0.1
951,446,242655,7,13,0.1
952,412,243067,8,11,0.1
953,381,243448,7,10,0.1
954,397,243845,7,10,0.1
955,357,244202,6,9,0.1
956,541,244743,12,18,0.1
957,283,245026,5,8,0.1
958,324,245350,5,8,0.1
959,369,245719,7,13,0.1
960,364,246083,8,17,0.1
961,293,246376,5,8,0.1
962,379,246755,7,10,0.1
963,231,246986,3,3,0.1
964,246,247232,4,7,0.1
965,366,247598,6,9,0.1
966,451,248049,9,15,0.1
967,413,248462,8,11,0.1
968,383,248845,7,10,0.1
969,276,249121,5,8,0.1
970,449,249570,8,11,0.1
971,463,250033,9,15,0.1
972,441,250474,8,8,0.1
973,440,250914,9,9,0.1
974,460,251374,8,11,0.1
975,298,251672,5,5,0.1
976,403,252075,7,10,0.1
977,277,252352,5,8,0.1
978,180,252532,2,2,0.1
979,358,252890,7,10,0.1
980,531,253421,10,10,0.1
981,504,253925,10,16,0.1
982,246,254171,4,4,0.1
983,340,254511,6,6,0.1
984,414,254925,8,11,0.1
985,286,255211,4,4,0.1
986,556,255767,11,14,0.1
987,314,256081,5,5,0.1
988,267,256348,5,11,0.1
989,503,256851,10,10,0.1
990,358,257209,6,6,0.1
991,377,257586,8,11,0.1
992,263,257849,4,4,0.1
993,295,258144,5,5,0.1
994,429,258573,8,11,0.1
995,300,258873,5,8,0.1
996,292,259165,5,5,0.1
997,465,259630,9,9,0.1
998,291,259921,5,5,0.1
999,472,260393,9,15,0.1
1000,220,260613,3,3,0.1
1001,405,261018,8,11,0.1
1002,331,261349,7,13,0.1
1003,295,261644,5,5,0.1
1004,362,262006,7,10,0.1
1005,458,262464,9,12,0.1
1006,326,262790,6,6,0.1
1007,361,263151,7,10,0.1
1008,423,263574,8,11,0.1
1009,273,263847,5,5,0.1
1010,258,264105,4,4,0.1
1011,481,264586,9,9,0.1
1012,377,264963,7,10,0.1
1013,368,265331,7,7,0.1
1014,231,265562,3,3,0.1
1015,248,265810,3,3,0.1
1016,432,266242,9,15,0.1
1017,371,266613,6,6,0.1
1018,438,267051,9,12,0.1
1019,391,267442,8,8,0.1
1020,340,267782,6,6,0.1
1021,492,268274,9,12,0.1
1022,475,268749,9,12,0.1
1023,387,269136,8,14,0.1
1024,321,269457,6,6,0.1
1025,335,269792,6,9,0.1
1026,427,270219,9,12,0.1
1027,326,270545,6,9,0.1
1028,465,271010,10,10,0.1
1029,401,271411,8,11,0.1
1030,457,271868,10,10,0.1
1031,408,272276,8,8,0.1
1032,504,272780,10,10,0.1
1033,283,273063,5,5,0.1
1034,450,273513,8,11,0.1
1035,329,273842,7,13,0.1
1036,327,274169,6,6,0.1
1037,490,274659,10,13,0.1
1038,318,274977,6,12,0.1
1039,315,275292,6,9,0.1
1040,406,275698,8,8,0.1
1041,295,275993,5,8,0.1
1042,348,276341,6,6,0.1
1043,317,276658,5,5,0.1
1044,530,277188,11,11,0.1
1045,352,277540,7,7,0.1
1046,224,277764,2,2,0.1
1047,341,278105,7,10,0.1
1048,337,278442,6,6,0.1
1049,536,278978,11,14,0.1
1050,312,279290,5,5,0.1
1051,365,279655,6,6,0.1
1052,253,279908,4,4,0.1
1053,373,280281,7,10,0.1
1054,559,280840,12,12,0.1
1055,230,281070,3,3,0.1
1056,355,281425,6,6,0.1
1057,445,281870,9,12,0.1
1058,291,282161,5,5,0.1
1059,380,282541,7,7,0.1
1060,632,283173,11,17,0.1
1061,372,283545,7,7,0.1
1062,267,283812,4,4,0.1
1063,381,284193,8,14,0.1
1064,391,284584,7,7,0.1
1065,371,284955,6,9,0.1
1066,387,285342,8,11,0.1
1067,497,285839,9,9,0.1
1068,490,286329,10,10,0.1
1069,303,286632,5,5,0.1
1070,394,287026,6,9,0.1
1071,421,287447,7,7,0.1
1072,497,287944,10,13,0.1
1073,332,288276,6,6,0.1
1074,383,288659,7,13,0.1
1075,585,289244,12,15,0.1
1076,441,289685,8,8,0.1
1077,612,290297,11,11,0.1
1078,578,290875,10,10,0.1
1079,487,291362,7,7,0.1
1080,384,291746,7,13,0.1
1081,587,292333,11,17,0.1
1082,396,292729,8,11,0.1
1083,612,293341,12,12,0.1
1084,535,293876,9,12,0.1
1085,333,294209,5,5,0.1
1086,592,294801,12,15,0.1
1087,430,295231,9,12,0.1
1088,609,295840,13,16,0.1
1089,430,296270,8,8,0.1
1090,454,296724,9,15,0.1
1091,376,297100,7,7,0.1
1092,549,297649,11,14,0.1
1093,429,298078,8,11,0.1
1094,528,298606,11,17,0.1
1095,505,299111,9,12,0.1
1096,533,299644,11,14,0.1
1097,271,299915,5,11,0.1
1098,283,300198,5,5,0.1
1099,328,300526,6,9,0.1
1100,400,300926,8,8,0.1
1101,401,301327,8,11,0.1
1102,344,301671,6,6,0.1
1103,420,302091,9,12,0.1
1104,278,302369,5,8,0.1
1105,519,302888,9,9,0.1
1106,361,303249,6,6,0.1
1107,382,303631,8,8,0.1
1108,430,304061,9,9,0.1
1109,310,304371,5,5,0.1
1110,357,304728,6,6,0.1
1111,502,305230,10,13,0.1
1112,260,305490,4,4,0.1
1113,583,306073,12,12,0.1
1114,326,306399,6,6,0.1
1115,387,306786,7,7,0.1
1116,446,307232,9,15,0.1
1117,423,307655,7,10,0.1
1118,519,308174,11,14,0.1
1119,357,308531,6,6,0.1
1120,374,308905,7,10,0.1
1121,381,309286,8,14,0.1
1122,599,309885,12,15,0.1
1123,423,310308,8,14,0.1
1124,340,310648,6,6,0.1
1125,478,311126,10,10,0.1
1126,297,311423,5,5,0.1
1127,397,311820,8,14,0.1
1128,473,312293,11,17,0.1
1129,427,312720,8,8,0.1
1130,297,313017,5,8,0.1
1131,380,313397,7,10,0.1
1132,537,313934,11,17,0.1
1133,497,314431,11,14,0.1
1134,432,314863,9,9,0.1
1135,370,315233,7,7,0.1
1136,358,315591,7,10,0.1
1137,643,316234,13,16,0.1
1138,362,316596,7,7,0.1
1139,422,317018,8,8,0.1
1140,350,317368,7,7,0.1
1141,404,317772,8,11,0.1
1142,443,318215,9,12,0.1
1143,381,318596,7,10,0.1
1144,422,319018,9,12,0.1
1145,353,319371,7,13,0.1
1146,482,319853,10,13,0.1
1147,587,320440,14,17,0.1
1148,480,320920,10,13,0.1
1149,495,321415,11,20,0.1
1150,356,321771,8,14,0.1
1151,517,322288,10,10,0.1
1152,502,322790,10,13,0.1
1153,369,323159,7,7,0.1
1154,466,323625,10,13,0.1
1155,379,324004,8,11,0.1
1156,609,324613,13,16,0.1
1157,471,325084,10,13,0.1
1158,518,325602,11,14,0.1
1159,562,326164,11,14,0.1
1160,374,326538,7,7,0.1
1161,326,326864,6,6,0.1
1162,444,327308,9,9,0.1
1163,292,327600,5,5,0.1
1164,250,327850,4,4,0.1
1165,320,328170,6,6,0.1
1166,362,328532,7,10,0.1
1167,448,328980,9,9,0.1
1168,504,329484,9,12,0.1
1169,471,329955,10,13,0.1
1170,306,330261,6,6,0.1
1171,442,330703,9,12,0.1
1172,622,331325,13,13,0.1
1173,338,331663,7,13,0.1
1174,374,332037,7,7,0.1
1175,558,332595,10,13,0.1
1176,404,332999,7,13,0.1
1177,563,333562,10,13,0.1
1178,504,334066,11,17,0.1
1179,485,334551,10,16,0.1
1180,465,335016,10,13,0.1
1181,421,335437,8,8,0.1
1182,423,335860,9,12,0.1
1183,401,336261,8,14,0.1
1184,762,337023,17,26,0.1
1185,317,337340,6,6,0.1
1186,380,337720,8,11,0.1
1187,341,338061,6,6,0.1
1188,556,338617,13,19,0.1
1189,435,339052,10,13,0.1
1190,412,339464,9,12,0.1
1191,663,340127,15,18,0.1
1192,466,340593,10,16,0.1
1193,418,341011,8,8,0.1
1194,518,341529,12,12,0.1
1195,689,342218,15,21,0.1
1196,581,342799,13,19,0.1
1197,380,343179,7,10,0.1
1198,370,343549,7,7,0.1
1199,440,343989,9,9,0.1
1200,494,344483,9,9,0.1
1201,407,344890,8,8,0.1
1202,288,345178,5,5,0.1
1203,341,345519,6,6,0.1
1204,394,345913,9,9,0.1
1205,585,346498,13,13,0.1
1206,508,347006,10,13,0.1
1207,306,347312,5,5,0.1
1208,477,347789,11,11,0.1
1209,591,348380,12,15,0.1
1210,352,348732,7,7,0.1
1211,424,349156,9,9,0.1
1212,334,349490,6,6,0.1
1213,503,349993,10,10,0.1
1214,486,350479,10,13,0.1
1215,322,350801,5,5,0.1
1216,513,351314,10,10,0.1
1217,592,351906,12,15,0.1
1218,378,352284,8,8,0.1
1219,627,352911,13,19,0.1
1220,417,353328,7,7,0.1
1221,392,353720,8,14,0.1
1222,418,354138,8,14,0.1
1223,369,354507,7,7,0.1
1224,664,355171,15,18,0.1
1225,682,355853,17,26,0.1
1226,296,356149,4,4,0.1
1227,418,356567,9,15,0.1
1228,380,356947,8,11,0.1
1229,452,357399,9,9,0.1
1230,499,357898,11,11,0.1
1231,463,358361,8,11,0.1
1232,491,358852,10,13,0.1
1233,451,359303,10,16,0.1
1234,429,359732,9,12,0.1
1235,426,360158,8,8,0.1
1236,518,360676,11,17,0.1
1237,483,361159,10,10,0.1
1238,429,361588,9,15,0.1
1239,664,362252,14,20,0.1
1240,574,362826,13,16,0.1
1241,470,363296,10,13,0.1
1242,566,363862,11,11,0.1
1243,455,364317,10,13,0.1
1244,506,364823,10,10,0.1
1245,480,365303,10,16,0.1
1246,533,365836,10,13,0.1
1247,572,366408,12,15,0.1
1248,561,366969,10,13,0.1
1249,366,367335,7,7,0.1
1250,428,367763,9,9,0.1
1251,444,368207,8,8,0.1
1252,317,368524,5,5,0.1
1253,420,368944,8,8,0.1
1254,532,369476,11,17,0.1
1255,451,369927,9,9,0.1
1256,422,370349,8,11,0.1
1257,570,370919,13,16,0.1
1258,416,371335,8,11,0.1
1259,573,371908,12,15,0.1
1260,438,372346,9,15,0.1
1261,408,372754,8,11,0.1
1262,349,373103,7,13,0.1
1263,330,373433,6,9,0.1
1264,397,373830,8,14,0.1
1265,550,374380,13,19,0.1
1266,537,374917,13,19,0.1
1267,375,375292,8,8,0.1
1268,650,375942,13,13,0.1
1269,559,376501,12,12,0.1
1270,406,376907,8,11,0.1
1271,523,377430,12,18,0.1
1272,405,377835,8,8,0.1
1273,429,378264,9,9,0.1
1274,457,378721,10,13,0.1
1275,573,379294,11,14,0.1
1276,431,379725,9,15,0.1
1277,540,380265,11,11,0.1
1278,406,380671,8,11,0.1
1279,452,381123,9,15,0.1
1280,497,381620,10,16,0.1
1281,557,382177,10,16,0.1
1282,467,382644,10,16,0.1
1283,608,383252,15,18,0.1
1284,454,383706,10,13,0.1
1285,377,384083,7,10,0.1
1286,462,384545,9,12,0.1
1287,351,384896,6,12,0.1
1288,326,385222,6,12,0.1
1289,469,385691,6,9,0.1
1290,471,386162,9,9,0.1
1291,516,386678,11,17,0.1
1292,443,387121,9,9,0.1
1293,602,387723,9,15,0.1
1294,525,388248,11,14,0.1
1295,603,388851,10,16,0.1
1296,458,389309,9,12,0.1
1297,553,389862,12,12,0.1
1298,427,390289,10,16,0.1
1299,305,390594,6,6,0.1
1300,325,390919,6,9,0.1
1301,425,391344,8,8,0.1
1302,417,391761,9,18,0.1
1303,595,392356,13,16,0.1
1304,498,392854,11,14,0.1
1305,509,393363,11,14,0.1
1306,242,393605,4,4,0.1
1307,500,394105,11,17,0.1
1308,471,394576,10,13,0.1
1309,442,395018,9,9,0.1
1310,524,395542,12,18,0.1
1311,511,396053,11,11,0.1
1312,479,396532,11,17,0.1
1313,545,397077,11,14,0.1
1314,496,397573,10,13,0.1
1315,694,398267,14,17,0.1
1316,592,398859,13,19,0.1
1317,505,399364,11,14,0.1
1318,538,399902,11,14,0.1
1319,368,400270,7,10,0.1
1320,464,400734,10,13,0.1
1321,454,401188,9,9,0.1
1322,426,401614,9,15,0.1
1323,309,401923,5,5,0.1
1324,579,402502,12,12,0.1
1325,558,403060,12,15,0.1
1326,465,403525,10,10,0.1
1327,507,404032,11,14,0.1
1328,356,404388,8,17,0.1
1329,560,404948,11,17,0.1
1330,470,405418,10,13,0.1
1331,503,405921,12,21,0.1
1332,433,406354,9,9,0.1
1333,407,406761,8,8,0.1
1334,526,407287,12,12,0.1
1335,386,407673,8,17,0.1
1336,457,408130,10,13,0.1
1337,390,408520,7,7,0.1
1338,362,408882,7,10,0.1
1339,456,409338,9,12,0.1
1340,496,409834,11,17,0.1
1341,452,410286,9,12,0.1
1342,390,410676,7,7,0.1
1343,514,411190,12,18,0.1
1344,668,411858,15,18,0.1
1345,388,412246,8,14,0.1
1346,375,412621,8,11,0.1
1347,447,413068,8,14,0.1
1348,468,413536,12,24,0.1
1349,410,413946,8,8,0.1
1350,641,414587,13,19,0.1
1351,457,415044,10,10,0.1
1352,505,415549,11,14,0.1
1353,552,416101,13,16,0.1
1354,631,416732,13,19,0.1
1355,564,417296,14,20,0.1
1356,616,417912,14,17,0.1
1357,501,418413,11,17,0.1
1358,611,419024,16,22,0.1
1359,521,419545,11,17,0.1
1360,500,420045,11,14,0.1
1361,307,420352,5,8,0.1
1362,476,420828,9,9,0.1
1363,433,421261,9,15,0.1
1364,691,421952,14,26,0.1
1365,353,422305,7,13,0.1
1366,455,422760,9,12,0.1
1367,371,423131,8,14,0.1
1368,353,423484,8,17,0.1
1369,601,424085,13,19,0.1
1370,355,424440,7,7,0.1
1371,406,424846,8,11,0.1
1372,483,425329,11,11,0.1
1373,556,425885,11,14,0.1
1374,454,426339,8,8,0.1
1375,359,426698,7,7,0.1
1376,404,427102,8,8,0.1
1377,477,427579,11,17,0.1
1378,353,427932,6,6,0.1
1379,392,428324,8,11,0.1
1380,471,428795,9,9,0.1
1381,592,429387,14,14,0.1
1382,484,429871,10,13,0.1
1383,603,430474,13,13,0.1
1384,407,430881,9,15,0.1
1385,378,431259,6,6,0.1
1386,529,431788,13,19,0.1
1387,428,432216,9,12,0.1
1388,427,432643,9,12,0.1
1389,480,433123,11,11,0.1
1390,594,433717,12,12,0.1
1391,686,434403,17,23,0.1
1392,663,435066,15,18,0.1
1393,618,435684,15,18,0.1
1394,326,436010,5,5,0.1
1395,603,436613,13,19,0.1
1396,445,437058,8,11,0.1
1397,595,437653,12,12,0.1
1398,631,438284,14,20,0.1
1399,369,438653,7,13,0.1
1400,495,439148,11,14,0.1
1401,378,439526,7,7,0.1
1402,499,440025,11,17,0.1
1403,351,440376,6,6,0.1
1404,449,440825,10,22,0.1
1405,409,441234,8,8,0.1
1406,471,441705,10,10,0.1
1407,429,442134,9,15,0.1
1408,516,442650,11,11,0.1
1409,323,442973,5,5,0.1
1410,515,443488,9,15,0.1
1411,362,443850,8,14,0.1
1412,433,444283,8,8,0.1
1413,412,444695,8,11,0.1
1414,387,445082,7,7,0.1
1415,343,445425,6,6,0.1
1416,496,445921,10,13,0.1
1417,455,446376,10,13,0.1
1418,467,446843,10,10,0.1
1419,718,447561,17,26,0.1
1420,449,448010,10,16,0.1
1421,466,448476,10,10,0.1
1422,485,448961,11,11,0.1
1423,528,449489,12,18,0.1
1424,456,449945,9,12,0.1
1425,431,450376,9,15,0.1
1426,533,450909,10,10,0.1
1427,425,451334,8,8,0.1
1428,436,451770,9,9,0.1
1429,436,452206,9,9,0.1
1430,346,452552,7,16,0.1
1431,433,452985,9,9,0.1
1432,680,453665,16,19,0.1
1433,463,454128,10,16,0.1
1434,525,454653,12,18,0.1
1435,609,455262,12,15,0.1
1436,599,455861,14,20,0.1
1437,440,456301,9,9,0.1
1438,519,456820,12,18,0.1
1439,548,457368,12,15,0.1
1440,711,458079,17,23,0.1
1441,307,458386,5,5,0.1
1442,482,458868,10,13,0.1
1443,514,459382,12,15,0.1
1444,505,459887,12,24,0.1
1445,522,460409,12,18,0.1
1446,297,460706,4,7,0.1
1447,461,461167,11,17,0.1
1448,607,461774,14,17,0.1
1449,510,462284,11,14,0.1
1450,496,462780,12,21,0.1
1451,489,463269,11,11,0.1
1452,456,463725,10,13,0.1
1453,644,464369,16,22,0.1
1454,504,464873,12,21,0.1
1455,545,465418,13,16,0.1
1456,504,465922,10,10,0.1
1457,498,466420,10,16,0.1
1458,481,466901,11,11,0.1
1459,402,467303,8,8,0.1
1460,509,467812,10,13,0.1
1461,549,468361,10,13,0.1
1462,449,468810,8,8,0.1
1463,507,469317,12,15,0.1
1464,402,469719,8,14,0.1
1465,592,470311,14,17,0.1
1466,424,470735,9,9,0.1
1467,400,471135,9,9,0.1
1468,548,471683,11,14,0.1
1469,589,472272,13,13,0.1
1470,607,472879,14,14,0.1
1471,587,473466,14,23,0.1
1472,646,474112,14,14,0.1
1473,532,474644,12,15,0.1
1474,494,475138,10,13,0.1
1475,454,475592,10,19,0.1
1476,687,476279,15,18,0.1
1477,346,476625,8,17,0.1
1478,531,477156,11,14,0.1
1479,579,477735,16,25,0.1
1480,414,478149,9,12,0.1
1481,651,478800,14,20,0.1
1482,446,479246,9,15,0.1
1483,558,479804,11,11,0.1
1484,586,480390,13,16,0.1
1485,562,480952,13,19,0.1
1486,538,481490,12,18,0.1
1487,471,481961,11,20,0.1
1488,634,482595,15,18,0.1
1489,651,483246,16,19,0.1
1490,413,483659,9,15,0.1
1491,430,484089,9,15,0.1
1492,525,484614,13,16,0.1
1493,486,485100,11,11,0.1
1494,541,485641,13,25,0.1
1495,422,486063,9,18,0.1
1496,560,486623,13,19,0.1
1497,512,487135,12,24,0.1
1498,644,487779,16,19,0.1
1499,531,488310,13,16,0.1
1500,638,488948,15,24,0.1
1501,507,489455,10,13,0.1
1502,444,489899,9,12,0.1
1503,538,490437,13,25,0.1
1504,524,490961,12,21,0.1
1505,402,491363,8,14,0.1
1506,618,491981,16,22,0.1
1507,353,492334,7,13,0.1
1508,627,492961,16,25,0.1
1509,653,493614,15,15,0.1
1510,631,494245,15,18,0.1
1511,470,494715,10,16,0.1
1512,578,495293,14,26,0.1
1513,666,495959,16,22,0.1
1514,534,496493,12,12,0.1
1515,413,496906,9,12,0.1
1516,506,497412,12,15,0.1
1517,406,497818,8,8,0.1
1518,378,498196,7,7,0.1
1519,398,498594,9,15,0.1
1520,474,499068,10,16,0.1
1521,502,499570,13,22,0.1
1522,627,500197,16,25,0.1
1523,440,500637,10,19,0.1
1524,510,501147,10,16,0.1
1525,567,501714,12,12,0.1
1526,591,502305,15,27,0.1
1527,514,502819,11,23,0.1
1528,589,503408,13,16,0.1
1529,538,503946,12,12,0.1
1530,458,504404,9,15,0.1
1531,550,504954,15,24,0.1
1532,570,505524,12,15,0.1
1533,406,505930,8,11,0.1
1534,751,506681,17,23,0.1
1535,558,507239,12,15,0.1
1536,458,507697,11,14,0.1
1537,519,508216,11,14,0.1
1538,378,508594,8,14,0.1
1539,484,509078,11,17,0.1
1540,426,509504,8,8,0.1
1541,547,510051,14,23,0.1
1542,424,510475,9,15,0.1
1543,436,510911,9,9,0.1
1544,566,511477,10,10,0.1
1545,590,512067,14,23,0.1
1546,646,512713,14,14,0.1
1547,415,513128,9,15,0.1
1548,464,513592,9,9,0.1
1549,581,514173,14,20,0.1
1550,429,514602,9,12,0.1
1551,441,515043,10,13,0.1
1552,574,515617,13,19,0.1
1553,661,516278,15,21,0.1
1554,557,516835,13,19,0.1
1555,580,517415,12,12,0.1
1556,713,518128,20,29,0.1
1557,622,518750,11,17,0.1
1558,656,519406,14,17,0.1
1559,623,520029,13,16,0.1
1560,632,520661,11,17,0.1
1561,546,521207,11,14,0.1
1562,557,521764,12,18,0.1
1563,539,522303,12,18,0.1
1564,489,522792,12,15,0.1
1565,407,523199,7,7,0.1
1566,494,523693,10,13,0.1
1567,676,524369,14,17,0.1
1568,502,524871,11,17,0.1
1569,642,525513,15,18,0.1
1570,436,525949,9,9,0.1
1571,555,526504,13,16,0.1
1572,354,526858,7,7,0.1
1573,628,527486,15,30,0.1
1574,530,528016,13,19,0.1
1575,555,528571,12,15,0.1
1576,587,529158,14,20,0.1
1577,461,529619,10,16,0.1
1578,489,530108,11,14,0.1
1579,592,530700,15,21,0.1
1580,487,531187,10,16,0.1
1581,598,531785,14,17,0.1
1582,490,532275,10,22,0.1
1583,602,532877,15,21,0.1
1584,507,533384,10,13,0.1
1585,353,533737,7,7,0.1
1586,649,534386,15,18,0.1
1587,471,534857,10,16,0.1
1588,413,535270,9,15,0.1
1589,442,535712,11,17,0.1
1590,537,536249,14,29,0.1
1591,600,536849,14,20,0.1
1592,579,537428,12,18,0.1
1593,445,537873,10,16,0.1
1594,617,538490,14,17,0.1
1595,758,539248,18,24,0.1
1596,736,539984,17,23,0.1
1597,581,540565,12,24,0.1
1598,628,541193,14,17,0.1
1599,507,541700,12,15,0.1
1600,650,542350,13,22,0.1
1601,599,542949,14,20,0.1
1602,701,543650,16,19,0.1
1603,561,544211,12,12,0.1
1604,607,544818,15,24,0.1
1605,577,545395,12,12,0.1
1606,550,545945,14,26,0.1
1607,494,546439,12,12,0.1
1608,621,547060,15,21,0.1
1609,498,547558,10,16,0.1
1610,554,548112,13,19,0.1
1611,441,548553,10,16,0.1
1612,574,549127,14,23,0.1
1613,568,549695,12,18,0.1
1614,645,550340,15,27,0.1
1615,485,550825,10,10,0.1
1616,592,551417,14,14,0.1
1617,436,551853,10,10,0.1
1618,572,552425,13,19,0.1
1619,579,553004,14,14,0.1
1620,515,553519,11,23,0.1
1621,465,553984,10,19,0.1
1622,385,554369,8,14,0.1
1623,749,555118,17,20,0.1
1624,523,555641,13,16,0.1
1625,407,556048,8,11,0.1
1626,367,556415,8,8,0.1
1627,410,556825,8,8,0.1
1628,465,557290,11,14,0.1
1629,708,557998,16,19,0.1
1630,547,558545,13,16,0.1
1631,568,559113,12,18,0.1
1632,301,559414,6,6,0.1
1633,824,560238,21,24,0.1
1634,590,560828,15,27,0.1
1635,514,561342,11,17,0.1
1636,615,561957,14,14,0.1
1637,711,562668,17,17,0.1
1638,587,563255,13,16,0.1
1639,446,563701,10,10,0.1
1640,616,564317,13,16,0.1
1641,426,564743,9,9,0.1
1642,583,565326,13,16,0.1
1643,572,565898,15,24,0.1
1644,478,566376,10,13,0.1
1645,504,566880,12,12,0.1
1646,480,567360,11,14,0.1
1647,501,567861,11,11,0.1
1648,754,568615,20,29,0.1
1649,664,569279,15,15,0.1
1650,567,569846,13,19,0.1
1651,557,570403,14,14,0.1
1652,636,571039,15,18,0.1
1653,462,571501,10,16,0.1
1654,475,571976,11,11,0.1
1655,594,572570,14,17,0.1
1656,406,572976,8,8,0.1
1657,575,573551,13,13,0.1
1658,546,574097,14,20,0.1
1659,704,574801,17,17,0.1
1660,720,575521,18,21,0.1
1661,671,576192,18,24,0.1
1662,600,576792,15,18,0.1
1663,490,577282,12,21,0.1
1664,591,577873,16,25,0.1
1665,569,578442,12,12,0.1
1666,749,579191,16,16,0.1
1667,575,579766,17,38,0.1
1668,639,580405,15,18,0.1
1669,546,580951,15,24,0.1
1670,530,581481,13,13,0.1
1671,605,582086,14,14,0.1
1672,655,582741,15,15,0.1
1673,409,583150,8,11,0.1
1674,529,583679,11,17,0.1
1675,482,584161,11,14,0.1
1676,644,584805,14,17,0.1
1677,725,585530,17,23,0.1
1678,510,586040,13,25,0.1
1679,521,586561,13,22,0.1
1680,466,587027,12,18,0.1
1681,490,587517,11,11,0.1
1682,649,588166,15,15,0.1
1683,660,588826,16,22,0.1
1684,581,589407,14,20,0.1
1685,613,590020,15,15,0.1
1686,450,590470,9,9,0.1
1687,669,591139,15,24,0.1
1688,711,591850,17,17,0.1
1689,508,592358,12,21,0.1
1690,677,593035,17,17,0.1
1691,569,593604,13,25,0.1
1692,510,594114,12,18,0.1
1693,610,594724,14,20,0.1
1694,501,595225,11,11,0.1
1695,503,595728,11,17,0.1
1696,590,596318,14,23,0.1
1697,526,596844,14,23,0.1
1698,385,597229,9,18,0.1
1699,469,597698,11,17,0.1
1700,470,598168,10,13,0.1
1701,676,598844,17,29,0.1
1702,605,599449,13,22,0.1
1703,400,599849,10,19,0.1
1704,408,600257,9,9,0.1
1705,420,600677,8,11,0.1
1706,390,601067,7,7,0.1
1707,373,601440,7,7,0.1
1708,503,601943,10,10,0.1
1709,576,602519,13,19,0.1
1710,502,603021,10,10,0.1
1711,520,603541,11,20,0.1
1712,663,604204,14,23,0.1
1713,449,604653,10,10,0.1
1714,617,605270,15,21,0.1
1715,366,605636,7,7,0.1
1716,532,606168,12,24,0.1
1717,771,606939,19,31,0.1
1718,556,607495,13,19,0.1
1719,783,608278,19,22,0.1
1720,525,608803,11,11,0.1
1721,703,609506,17,20,0.1
1722,654,610160,18,30,0.1
1723,633,610793,15,21,0.1
1724,415,611208,8,8,0.1
1725,576,611784,13,16,0.1
1726,593,612377,13,19,0.1
1727,476,612853,11,11,0.1
1728,359,613212,7,10,0.1
1729,573,613785,12,18,0.1
1730,482,614267,11,17,0.1
1731,722,614989,17,20,0.1
1732,666,615655,16,22,0.1
1733,342,615997,7,7,0.1
1734,577,616574,14,17,0.1
1735,325,616899,6,6,0.1
1736,573,617472,13,13,0.1
1737,594,618066,14,14,0.1
1738,469,618535,11,11,0.1
1739,718,619253,17,20,0.1
1740,571,619824,12,18,0.1
1741,832,620656,19,25,0.1
1742,644,621300,15,18,0.1
1743,679,621979,15,24,0.1
1744,764,622743,19,28,0.1
1745,660,623403,15,24,0.1
1746,848,624251,20,26,0.1
1747,592,624843,12,21,0.1
1748,787,625630,21,24,0.1
1749,553,626183,14,17,0.1
1750,597,626780,14,14,0.1
1751,771,627551,19,37,0.1
1752,771,628322,19,25,0.1
1753,542,628864,12,21,0.1
1754,607,629471,16,19,0.1
1755,774,630245,18,24,0.1
1756,706,630951,16,19,0.1
1757,612,631563,16,25,0.1
1758,562,632125,13,16,0.1
1759,833,632958,23,38,0.1
1760,620,633578,14,20,0.1
1761,401,633979,9,18,0.1
1762,464,634443,10,13,0.1
1763,639,635082,13,19,0.1
1764,818,635900,22,34,0.1
1765,657,636557,15,18,0.1
1766,714,637271,18,24,0.1
1767,534,637805,12,12,0.1
1768,554,638359,15,27,0.1
1769,688,639047,19,31,0.1
1770,674,639721,16,28,0.1
1771,868,640589,22,28,0.1
1772,411,641000,9,12,0.1
1773,665,641665,17,23,0.1
1774,738,642403,19,28,0.1
1775,697,643100,18,27,0.1
1776,581,643681,17,26,0.1
1777,577,644258,15,27,0.1
1778,435,644693,9,12,0.1
1779,597,645290,14,17,0.1
1780,424,645714,10,10,0.1
1781,655,646369,17,32,0.1
1782,531,646900,11,14,0.1
1783,763,647663,19,25,0.1
1784,606,648269,15,24,0.1
1785,637,648906,17,26,0.1
1786,598,649504,14,14,0.1
1787,871,650375,23,32,0.1
1788,656,651031,14,14,0.1
1789,627,651658,15,18,0.1
1790,885,652543,21,27,0.1
1791,578,653121,16,22,0.1
1792,982,654103,26,32,0.1
1793,383,654486,8,14,0.1
1794,579,655065,14,23,0.1
1795,553,655618,12,15,0.1
1796,632,656250,14,20,0.1
1797,509,656759,12,21,0.1
1798,548,657307,14,26,0.1
1799,637,657944,15,21,0.1
1800,597,658541,15,24,0.1
1801,570,659111,13,19,0.1
1802,653,659764,17,26,0.1
1803,692,660456,16,19,0.1
1804,379,660835,8,11,0.1
1805,579,661414,14,20,0.1
1806,684,662098,15,24,0.1
1807,519,662617,12,15,0.1
1808,529,663146,12,15,0.1
1809,653,663799,16,28,0.1
1810,594,664393,14,20,0.1
1811,504,664897,11,23,0.1
1812,563,665460,15,21,0.1
1813,641,666101,16,25,0.1
1814,730,666831,16,22,0.1
1815,832,667663,20,26,0.1
1816,412,668075,8,8,0.1
1817,351,668426,7,7,0.1
1818,776,669202,17,29,0.1
1819,552,669754,14,20,0.1
1820,462,670216,11,20,0.1
1821,485,670701,10,10,0.1
1822,499,671200,11,11,0.1
1823,450,671650,10,10,0.1
1824,764,672414,21,30,0.1
1825,615,673029,16,28,0.1
1826,426,673455,10,10,0.1
1827,464,673919,12,21,0.1
1828,703,674622,17,23,0.1
1829,718,675340,17,20,0.1
1830,373,675713,6,6,0.1
1831,771,676484,18,21,0.1
1832,898,677382,22,31,0.1
1833,501,677883,13,16,0.1
1834,467,678350,10,13,0.1
1835,655,679005,14,23,0.1
1836,648,679653,17,29,0.1
1837,667,680320,12,15,0.1
1838,393,680713,7,7,0.1
1839,828,681541,20,20,0.1
1840,465,682006,10,13,0.1
1841,511,682517,12,12,0.1
1842,510,683027,13,13,0.1
1843,723,683750,14,17,0.1
1844,377,684127,8,8,0.1
1845,615,684742,14,23,0.1
1846,721,685463,17,20,0.1
1847,678,686141,16,22,0.1
1848,567,686708,15,27,0.1
1849,549,687257,12,18,0.1
1850,476,687733,11,20,0.1
1851,564,688297,12,12,0.1
1852,778,689075,18,24,0.1
1853,615,689690,14,23,0.1
1854,513,690203,13,19,0.1
1855,691,690894,17,26,0.1
1856,539,691433,13,19,0.1
1857,456,691889,11,20,0.1
1858,529,692418,13,16,0.1
1859,480,692898,11,17,0.1
1860,584,693482,14,20,0.1
1861,678,694160,17,20,0.1
1862,666,694826,17,26,0.1
1863,402,695228,8,8,0.1
1864,688,695916,16,19,0.1
1865,559,696475,14,20,0.1
1866,912,697387,23,35,0.1
1867,502,697889,13,19,0.1
1868,729,698618,19,22,0.1
1869,706,699324,18,24,0.1
1870,562,699886,10,13,0.1
1871,517,700403,12,12,0.1
1872,821,701224,20,29,0.1
1873,435,701659,10,10,0.1
1874,468,702127,10,22,0.1
1875,454,702581,10,13,0.1
1876,702,703283,16,19,0.1
1877,686,703969,16,19,0.1
1878,763,704732,18,21,0.1
1879,664,705396,16,22,0.1
1880,430,705826,8,8,0.1
1881,553,706379,12,15,0.1
1882,482,706861,11,17,0.1
1883,648,707509,15,15,0.1
1884,761,708270,16,19,0.1
1885,511,708781,11,11,0.1
1886,731,709512,17,20,0.1
1887,658,710170,15,21,0.1
1888,821,710991,20,23,0.1
1889,778,711769,16,25,0.1
1890,569,712338,14,17,0.1
1891,904,713242,23,26,0.1
1892,720,713962,17,23,0.1
1893,905,714867,24,27,0.1
1894,652,715519,15,24,0.1
1895,689,716208,16,22,0.1
1896,512,716720,12,12,0.1
1897,918,717638,22,31,0.1
1898,804,718442,19,22,0.1
1899,740,719182,18,24,0.1
1900,679,719861,17,20,0.1
1901,717,720578,18,24,0.1
1902,639,721217,18,27,0.1
1903,701,721918,17,26,0.1
1904,560,722478,12,15,0.1
1905,609,723087,15,15,0.1
1906,588,723675,14,17,0.1
1907,631,724306,15,18,0.1
1908,600,724906,16,19,0.1
1909,704,725610,17,20,0.1
1910,754,726364,20,26,0.1
1911,645,727009,17,26,0.1
1912,605,727614,14,20,0.1
1913,673,728287,18,30,0.1
1914,756,729043,19,28,0.1
1915,639,729682,16,19,0.1
1916,918,730600,24,30,0.1
1917,770,731370,18,24,0.1
1918,610,731980,15,21,0.1
1919,702,732682,20,26,0.1
1920,534,733216,13,13,0.1
1921,593,733809,17,26,0.1
1922,726,734535,19,31,0.1
1923,696,735231,17,17,0.1
1924,713,735944,20,32,0.1
1925,426,736370,9,9,0.1
1926,526,736896,14,26,0.1
1927,551,737447,14,23,0.1
1928,675,738122,15,18,0.1
1929,681,738803,16,25,0.1
1930,643,739446,17,29,0.1
1931,561,740007,15,24,0.1
1932,695,740702,16,19,0.1
1933,713,741415,18,24,0.1
1934,826,742241,19,22,0.1
1935,671,742912,17,17,0.1
1936,685,743597,14,14,0.1
1937,665,744262,14,17,0.1
1938,850,745112,19,25,0.1
1939,827,745939,18,24,0.1
1940,472,746411,11,14,0.1
1941,971,747382,27,48,0.1
1942,668,748050,15,18,0.1
1943,324,748374,6,6,0.1
1944,555,748929,15,24,0.1
1945,667,749596,18,27,0.1
1946,753,750349,19,28,0.1
1947,736,751085,19,28,0.1
1948,742,751827,18,21,0.1
1949,849,752676,26,47,0.1
1950,747,753423,19,25,0.1
1951,596,754019,13,22,0.1
1952,430,754449,9,18,0.1
1953,539,754988,13,19,0.1
1954,734,755722,19,37,0.1
1955,685,756407,17,29,0.1
1956,842,757249,22,22,0.1
1957,768,758017,17,20,0.1
1958,680,758697,16,19,0.1
1959,751,759448,19,25,0.1
1960,551,759999,13,13,0.1
1961,677,760676,16,16,0.1
1962,615,761291,15,18,0.1
1963,634,761925,15,15,0.1
1964,721,762646,18,18,0.1
1965,604,763250,14,17,0.1
1966,918,764168,24,30,0.1
1967,658,764826,17,23,0.1
1968,897,765723,22,28,0.1
1969,475,766198,9,9,0.1
1970,900,767098,24,33,0.1
1971,693,767791,17,23,0.1
1972,964,768755,25,34,0.1
1973,701,769456,16,19,0.1
1974,686,770142,17,20,0.1
1975,918,771060,22,25,0.1
1976,707,771767,17,17,0.1
1977,864,772631,25,40,0.1
1978,641,773272,15,15,0.1
1979,420,773692,8,14,0.1
1980,564,774256,12,12,0.1
1981,653,774909,16,22,0.1
1982,331,775240,7,13,0.1
1983,732,775972,18,21,0.1
1984,598,776570,16,25,0.1
1985,769,777339,18,18,0.1
1986,528,777867,12,15,0.1
1987,810,778677,23,35,0.1
1988,1004,779681,26,29,0.1
1989,441,780122,10,16,0.1
1990,820,780942,21,27,0.1
1991,895,781837,23,32,0.1
1992,740,782577,18,18,0.1
1993,630,783207,14,20,0.1
1994,568,783775,13,13,0.1
1995,938,784713,25,37,0.1
1996,901,785614,21,30,0.1
1997,706,786320,18,27,0.1
1998,973,787293,24,33,0.1
1999,848,788141,21,30,0.1
2000,826,788967,21,33,0.1
2001,807,789774,18,24,0.1
2002,551,790325,14,20,0.1
2003,566,790891,14,14,0.1
2004,755,791646,18,21,0.1
2005,636,792282,15,21,0.1
2006,663,792945,16,19,0.1
2007,865,793810,22,34,0.1
2008,766,794576,19,25,0.1
2009,609,795185,16,22,0.1
2010,670,795855,17,26,0.1
2011,814,796669,20,29,0.1
2012,703,797372,19,25,0.1
2013,720,798092,18,24,0.1
2014,604,798696,16,22,0.1
2015,866,799562,24,39,0.1
2016,499,800061,11,14,0.1
2017,873,800934,23,38,0.1
2018,609,801543,17,32,0.1
2019,583,802126,14,17,0.1
2020,795,802921,20,26,0.1
2021,431,803352,9,12,0.1
2022,663,804015,17,26,0.1
2023,594,804609,13,16,0.1
2024,595,805204,14,20,0.1
2025,633,805837,17,26,0.1
2026,556,806393,14,20,0.1
2027,717,807110,18,18,0.1
2028,913,808023,24,30,0.1
2029,632,808655,14,14,0.1
2030,986,809641,25,37,0.1
2031,566,810207,13,13,0.1
2032,492,810699,11,20,0.1
2033,851,811550,24,33,0.1
2034,650,812200,15,18,0.1
2035,769,812969,20,32,0.1
2036,624,813593,15,21,0.1
2037,636,814229,15,18,0.1
2038,751,814980,19,25,0.1
2039,590,815570,14,14,0.1
2040,608,816178,15,15,0.1
2041,580,816758,16,28,0.1
2042,685,817443,18,30,0.1
2043,556,817999,11,11,0.1
2044,571,818570,14,20,0.1
2045,689,819259,17,23,0.1
2046,481,819740,11,11,0.1
2047,696,820436,17,23,0.1
2048,533,820969,13,19,0.1
2049,357,821326,6,6,0.1
2050,830,822156,22,28,0.1
2051,764,822920,20,26,0.1
2052,739,823659,18,21,0.1
2053,440,824099,11,17,0.1
2054,538,824637,12,18,0.1
2055,907,825544,22,25,0.1
2056,857,826401,19,25,0.1
2057,545,826946,13,19,0.1
2058,759,827705,19,22,0.1
2059,624,828329,15,15,0.1
2060,887,829216,21,30,0.1
2061,441,829657,10,16,0.1
2062,802,830459,21,27,0.1
2063,510,830969,12,18,0.1
2064,340,831309,6,6,0.1
2065,615,831924,15,24,0.1
2066,565,832489,13,19,0.1
2067,588,833077,15,15,0.1
2068,555,833632,11,11,0.1
2069,460,834092,10,10,0.1
2070,524,834616,11,11,0.1
2071,542,835158,14,23,0.1
2072,782,835940,17,23,0.1
2073,651,836591,14,14,0.1
2074,555,837146,14,23,0.1
2075,605,837751,14,14,0.1
2076,698,838449,18,24,0.1
2077,930,839379,26,35,0.1
2078,672,840051,16,16,0.1
2079,713,840764,19,22,0.1
2080,1140,841904,31,49,0.1
2081,729,842633,17,29,0.1
2082,829,843462,22,31,0.1
2083,933,844395,22,34,0.1
2084,852,845247,22,34,0.1
2085,579,845826,15,21,0.1
2086,934,846760,23,29,0.1
2087,695,847455,16,22,0.1
2088,880,848335,21,27,0.1
2089,774,849109,19,25,0.1
2090,638,849747,16,19,0.1
2091,848,850595,21,27,0.1
2092,875,851470,23,32,0.1
2093,620,852090,13,13,0.1
2094,744,852834,18,30,0.1
2095,850,853684,23,29,0.1
2096,614,854298,13,13,0.1
2097,585,854883,13,13,0.1
2098,481,855364,10,10,0.1
2099,1035,856399,27,42,0.1
2100,556,856955,13,13,0.1
2101,776,857731,20,32,0.1
2102,518,858249,10,10,0.1
2103,924,859173,24,36,0.1
2104,780,859953,22,37,0.1
2105,799,860752,19,28,0.1
2106,657,861409,16,22,0.1
2107,803,862212,21,30,0.1
2108,1092,863304,27,39,0.1
2109,851,864155,22,31,0.1
2110,832,864987,22,28,0.1
2111,874,865861,16,22,0.1
2112,745,866606,20,29,0.1
2113,628,867234,17,26,0.1
2114,614,867848,13,16,0.1
2115,926,868774,25,34,0.1
2116,820,869594,20,29,0.1
2117,583,870177,13,16,0.1
2118,935,871112,23,26,0.1
2119,827,871939,22,28,0.1
2120,872,872811,26,53,0.1
2121,695,873506,18,21,0.1
2122,666,874172,18,27,0.1
2123,802,874974,19,25,0.1
2124,651,875625,16,22,0.1
2125,637,876262,18,39,0.1
2126,687,876949,15,18,0.1
2127,830,877779,20,26,0.1
2128,905,878684,22,28,0.1
2129,936,879620,24,39,0.1
2130,731,880351,19,31,0.1
2131,584,880935,15,21,0.1
2132,642,881577,16,16,0.1
2133,717,882294,17,20,0.1
2134,577,882871,13,19,0.1
2135,607,883478,14,14,0.1
2136,559,884037,11,11,0.1
2137,670,884707,17,20,0.1
2138,888,885595,23,29,0.1
2139,673,886268,19,28,0.1
2140,637,886905,16,16,0.1
2141,730,887635,18,21,0.1
2142,383,888018,7,7,0.1
2143,787,888805,21,27,0.1
2144,545,889350,9,12,0.1
2145,747,890097,17,20,0.1
2146,720,890817,19,25,0.1
2147,904,891721,21,24,0.1
2148,862,892583,20,26,0.1
2149,836,893419,22,31,0.1
2150,566,893985,14,14,0.1
2151,737,894722,17,20,0.1
2152,595,895317,14,14,0.1
2153,883,896200,22,28,0.1
2154,819,897019,19,22,0.1
2155,777,897796,19,25,0.1
2156,484,898280,11,14,0.1
2157,905,899185,22,31,0.1
2158,764,899949,18,27,0.1
2159,1033,900982,29,44,0.1
2160,538,901520,15,27,0.1
2161,569,902089,11,17,0.1
2162,819,902908,22,31,0.1
2163,567,903475,14,23,0.1
2164,549,904024,14,20,0.1
2165,807,904831,20,29,0.1
2166,744,905575,20,26,0.1
2167,613,906188,15,21,0.1
2168,564,906752,13,19,0.1
2169,753,907505,20,32,0.1
2170,821,908326,20,26,0.1
2171,768,909094,20,26,0.1
2172,593,909687,14,17,0.1
2173,834,910521,22,28,0.1
2174,487,911008,10,16,0.1
2175,881,911889,24,39,0.1
2176,868,912757,25,46,0.1
2177,846,913603,20,29,0.1
2178,814,914417,20,29,0.1
2179,621,915038,14,20,0.1
2180,966,916004,25,40,0.1
2181,500,916504,12,12,0.1
2182,722,917226,15,18,0.1
2183,680,917906,17,23,0.1
2184,902,918808,24,33,0.1
2185,591,919399,13,13,0.1
2186,676,920075,15,18,0.1
2187,736,920811,18,27,0.1
2188,464,921275,11,11,0.1
2189,843,922118,21,30,0.1
2190,537,922655,11,14,0.1
2191,334,922989,6,6,0.1
2192,721,923710,17,20,0.1
2193,785,924495,18,27,0.1
2194,872,925367,21,36,0.1
2195,578,925945,15,24,0.1
2196,730,926675,16,16,0.1
2197,904,927579,25,40,0.1
2198,463,928042,10,16,0.1
2199,1045,929087,26,32,0.1
2200,293,929380,5,5,0.1
2201,736,930116,18,24,0.1
2202,801,930917,23,29,0.1
2203,569,931486,14,14,0.1
2204,602,932088,16,19,0.1
2205,821,932909,20,26,0.1
2206,681,933590,20,29,0.1
2207,684,934274,17,20,0.1
2208,882,935156,21,30,0.1
2209,696,935852,15,18,0.1
2210,832,936684,20,26,0.1
2211,683,937367,17,23,0.1
2212,701,938068,20,26,0.1
2213,922,938990,23,32,0.1
2214,1099,940089,28,40,0.1
2215,568,940657,12,15,0.1
2216,797,941454,20,26,0.1
2217,854,942308,21,30,0.1
2218,520,942828,13,19,0.1
2219,513,943341,10,19,0.1
2220,726,944067,17,20,0.1
2221,571,944638,13,16,0.1
2222,648,945286,15,18,0.1
2223,818,946104,21,27,0.1
2224,491,946595,11,14,0.1
2225,749,947344,19,22,0.1
2226,768,948112,20,32,0.1
2227,792,948904,20,29,0.1
2228,815,949719,17,20,0.1
2229,899,950618,22,31,0.1
2230,535,951153,14,14,0.1
2231,593,951746,15,18,0.1
2232,568,952314,14,17,0.1
2233,975,953289,24,24,0.1
2234,809,954098,21,30,0.1
2235,843,954941,20,32,0.1
2236,567,955508,12,15,0.1
2237,732,956240,18,24,0.1
2238,738,956978,18,21,0.1
2239,1024,958002,25,37,0.1
2240,654,958656,15,18,0.1
2241,738,959394,17,20,0.1
2242,353,959747,8,11,0.1
2243,723,960470,17,20,0.1
2244,661,961131,17,17,0.1
2245,820,961951,21,27,0.1
2246,746,962697,20,32,0.1
2247,718,963415,17,23,0.1
2248,582,963997,14,17,0.1
2249,904,964901,23,32,0.1
2250,711,965612,18,21,0.1
2251,724,966336,17,26,0.1
2252,838,967174,19,25,0.1
2253,666,967840,17,23,0.1
2254,646,968486,17,20,0.1
2255,800,969286,20,29,0.1
2256,960,970246,24,27,0.1
2257,768,971014,19,25,0.1
2258,593,971607,13,16,0.1
2259,815,972422,21,27,0.1
2260,968,973390,20,29,0.1
2261,810,974200,21,27,0.1
2262,581,974781,15,27,0.1
2263,672,975453,17,17,0.1
2264,716,976169,16,16,0.1
2265,612,976781,13,13,0.1
2266,664,977445,18,24,0.1
2267,729,978174,17,23,0.1
2268,605,978779,14,17,0.1
2269,523,979302,13,19,0.1
2270,792,980094,21,27,0.1
2271,559,980653,13,16,0.1
2272,644,981297,14,17,0.1
2273,841,982138,23,32,0.1
2274,925,983063,22,31,0.1
2275,857,983920,19,28,0.1
2276,739,984659,19,22,0.1
2277,865,985524,22,31,0.1
2278,640,986164,14,20,0.1
2279,571,986735,15,21,0.1
2280,627,987362,14,17,0.1
2281,850,988212,21,24,0.1
2282,827,989039,22,34,0.1
2283,900,989939,22,31,0.1
2284,587,990526,13,19,0.1
2285,928,991454,24,36,0.1
2286,790,992244,21,30,0.1
2287,619,992863,16,16,0.1
2288,649,993512,17,29,0.1
2289,661,994173,17,23,0.1
2290,743,994916,17,17,0.1
2291,957,995873,26,38,0.1
2292,535,996408,14,17,0.1
2293,716,997124,19,28,0.1
2294,534,997658,14,20,0.1
2295,608,998266,16,19,0.1
2296,616,998882,14,17,0.1
2297,690,999572,17,23,0.1
2298,696,1000268,17,29,0.1
2299,697,1000965,17,23,0.1
2300,877,1001842,22,31,0.1
2301,678,1002520,17,20,0.1
2302,734,1003254,17,26,0.1
2303,781,1004035,19,25,0.1
2304,755,1004790,18,27,0.1
2305,769,1005559,21,27,0.1
2306,436,1005995,9,12,0.1
2307,631,1006626,18,27,0.1
2308,453,1007079,10,10,0.1
2309,759,1007838,20,23,0.1
2310,773,1008611,19,28,0.1
2311,785,1009396,22,34,0.1
2312,675,1010071,18,24,0.1
2313,663,1010734,14,17,0.1
2314,455,1011189,10,10,0.1
2315,691,1011880,17,23,0.1
2316,751,1012631,21,27,0.1
2317,587,1013218,14,14,0.1
2318,666,1013884,13,19,0.1
2319,624,1014508,15,18,0.1
2320,543,1015051,13,25,0.1
2321,679,1015730,17,17,0.1
2322,658,1016388,18,30,0.1
2323,516,1016904,12,12,0.1
2324,446,1017350,10,10,0.1
2325,820,1018170,22,25,0.1
2326,1000,1019170,27,39,0.1
2327,661,1019831,17,20,0.1
2328,764,1020595,19,22,0.1
2329,606,1021201,16,22,0.1
2330,524,1021725,12,15,0.1
2331,462,1022187,10,16,0.1
2332,689,1022876,16,16,0.1
2333,827,1023703,21,27,0.1
2334,548,1024251,13,13,0.1
2335,1050,1025301,22,34,0.1
2336,648,1025949,15,27,0.1
2337,776,1026725,21,27,0.1
2338,518,1027243,12,12,0.1
2339,1071,1028314,29,41,0.1
2340,777,1029091,21,30,0.1
2341,719,1029810,18,18,0.1
2342,574,1030384,16,19,0.1
2343,785,1031169,20,29,0.1
2344,683,1031852,19,25,0.1
2345,721,1032573,18,27,0.1
2346,607,1033180,14,14,0.1
2347,1142,1034322,29,41,0.1
2348,827,1035149,21,27,0.1
2349,638,1035787,17,26,0.1
2350,671,1036458,16,19,0.1
2351,1076,1037534,27,45,0.1
2352,924,1038458,25,34,0.1
2353,884,1039342,22,22,0.1
2354,948,1040290,25,37,0.1
2355,756,1041046,20,29,0.1
2356,779,1041825,20,23,0.1
2357,798,1042623,18,27,0.1
2358,701,1043324,19,22,0.1
2359,953,1044277,21,27,0.1
2360,707,1044984,17,23,0.1
2361,621,1045605,16,25,0.1
2362,789,1046394,23,29,0.1
2363,621,1047015,15,15,0.1
2364,760,1047775,21,27,0.1
2365,579,1048354,14,14,0.1
2366,898,1049252,24,33,0.1
2367,486,1049738,11,17,0.1
2368,715,1050453,19,28,0.1
2369,651,1051104,15,18,0.1
2370,779,1051883,20,29,0.1
2371,499,1052382,11,11,0.1
2372,458,1052840,10,10,0.1
2373,355,1053195,6,6,0.1
2374,831,1054026,19,19,0.1
2375,719,1054745,17,20,0.1
2376,717,1055462,18,21,0.1
2377,748,1056210,17,23,0.1
2378,537,1056747,13,16,0.1
2379,853,1057600,23,32,0.1
2380,510,1058110,12,12,0.1
2381,719,1058829,17,20,0.1
2382,568,1059397,14,17,0.1
2383,472,1059869,9,9,0.1
2384,788,1060657,21,27,0.1
2385,678,1061335,14,17,0.1
2386,492,1061827,11,11,0.1
2387,769,1062596,20,23,0.1
2388,741,1063337,19,25,0.1
2389,638,1063975,15,15,0.1
2390,583,1064558,13,13,0.1
2391,839,1065397,17,20,0.1
2392,770,1066167,18,21,0.1
2393,589,1066756,15,21,0.1
2394,761,1067517,20,26,0.1
2395,398,1067915,8,8,0.1
2396,685,1068600,17,17,0.1
2397,542,1069142,13,13,0.1
2398,744,1069886,19,31,0.1
2399,577,1070463,12,15,0.1
2400,872,1071335,23,38,0.1
2401,849,1072184,20,29,0.1
2402,563,1072747,15,24,0.1
2403,762,1073509,17,23,0.1
2404,678,1074187,18,21,0.1
2405,556,1074743,13,22,0.1
2406,722,1075465,17,29,0.1
2407,609,1076074,14,14,0.1
2408,565,1076639,14,20,0.1
2409,960,1077599,25,31,0.1
2410,671,1078270,17,29,0.1
2411,661,1078931,17,20,0.1
2412,796,1079727,22,25,0.1
2413,767,1080494,20,29,0.1
2414,765,1081259,20,29,0.1
2415,557,1081816,12,12,0.1
2416,873,1082689,22,31,0.1
2417,982,1083671,24,33,0.1
2418,841,1084512,20,29,0.1
2419,637,1085149,15,24,0.1
2420,582,1085731,15,21,0.1
2421,438,1086169,9,12,0.1
2422,783,1086952,20,32,0.1
2423,653,1087605,16,22,0.1
2424,761,1088366,20,26,0.1
2425,772,1089138,21,30,0.1
2426,737,1089875,18,24,0.1
2427,814,1090689,22,37,0.1
2428,749,1091438,21,33,0.1
2429,534,1091972,13,19,0.1
2430,864,1092836,23,32,0.1
2431,553,1093389,12,15,0.1
2432,787,1094176,21,24,0.1
2433,924,1095100,24,27,0.1
2434,828,1095928,21,30,0.1
2435,618,1096546,17,29,0.1
2436,796,1097342,22,25,0.1
2437,512,1097854,14,20,0.1
2438,774,1098628,21,33,0.1
2439,749,1099377,21,33,0.1
2440,572,1099949,14,20,0.1
2441,943,1100892,25,34,0.1
2442,788,1101680,20,32,0.1
2443,739,1102419,17,20,0.1
2444,997,1103416,27,42,0.1
2445,707,1104123,17,23,0.1
2446,878,1105001,21,30,0.1
2447,649,1105650,12,12,0.1
2448,780,1106430,15,21,0.1
2449,673,1107103,18,27,0.1
2450,834,1107937,22,28,0.1
2451,1160,1109097,30,36,0.1
2452,923,1110020,26,38,0.1
2453,807,1110827,19,22,0.1
2454,636,1111463,15,21,0.1
2455,774,1112237,18,18,0.1
2456,697,1112934,19,25,0.1
2457,750,1113684,18,21,0.1
2458,801,1114485,21,24,0.1
2459,659,1115144,17,23,0.1
2460,586,1115730,15,21,0.1
2461,514,1116244,12,18,0.1
2462,663,1116907,18,24,0.1
2463,609,1117516,16,19,0.1
2464,600,1118116,14,14,0.1
2465,794,1118910,22,31,0.1
2466,994,1119904,26,35,0.1
2467,982,1120886,26,38,0.1
2468,897,1121783,24,30,0.1
2469,693,1122476,17,23,0.1
2470,681,1123157,16,19,0.1
2471,532,1123689,14,14,0.1
2472,749,1124438,18,24,0.1
2473,680,1125118,18,27,0.1
2474,582,1125700,14,17,0.1
2475,521,1126221,13,13,0.1
2476,688,1126909,18,21,0.1
2477,563,1127472,14,17,0.1
2478,640,1128112,15,15,0.1
2479,414,1128526,9,9,0.1
2480,508,1129034,13,13,0.1
2481,179,1129213,2,2,0.1
2482,501,1129714,10,13,0.1
2483,768,1130482,20,26,0.1
2484,422,1130904,8,14,0.1
2485,437,1131341,9,9,0.1
2486,893,1132234,23,32,0.1
2487,742,1132976,18,21,0.1
2488,541,1133517,14,14,0.1
2489,560,1134077,12,12,0.1
2490,853,1134930,22,28,0.1
2491,948,1135878,21,33,0.1
2492,411,1136289,8,8,0.1
2493,905,1137194,24,36,0.1
2494,422,1137616,9,9,0.1
2495,785,1138401,20,29,0.1
2496,440,1138841,9,9,0.1
2497,624,1139465,15,18,0.1
2498,607,1140072,14,17,0.1
2499,391,1140463,9,9,0.1
2500,675,1141138,16,22,0.1
2501,519,1141657,13,13,0.1
2502,607,1142264,13,13,0.1
2503,553,1142817,14,14,0.1
2504,743,1143560,21,30,0.1
2505,693,1144253,19,31,0.1
2506,856,1145109,22,31,0.1
2507,748,1145857,18,21,0.1
2508,1000,1146857,23,29,0.1
2509,598,1147455,13,16,0.1
2510,721,1148176,17,20,0.1
2511,896,1149072,23,26,0.1
2512,773,1149845,21,30,0.1
2513,944,1150789,25,31,0.1
2514,749,1151538,19,31,0.1
2515,731,1152269,21,27,0.1
2516,881,1153150,24,36,0.1
2517,601,1153751,14,20,0.1
2518,547,1154298,13,16,0.1
2519,819,1155117,19,22,0.1
2520,627,1155744,16,22,0.1
2521,840,1156584,22,34,0.1
2522,711,1157295,17,20,0.1
2523,864,1158159,20,29,0.1
2524,744,1158903,19,25,0.1
2525,942,1159845,21,33,0.1
2526,356,1160201,7,13,0.1
2527,632,1160833,16,22,0.1
2528,890,1161723,20,26,0.1
2529,556,1162279,14,14,0.1
2530,805,1163084,21,24,0.1
2531,737,1163821,18,18,0.1
2532,605,1164426,17,23,0.1
2533,635,1165061,15,21,0.1
2534,720,1165781,17,20,0.1
2535,807,1166588,22,28,0.1
2536,954,1167542,24,30,0.1
2537,1075,1168617,27,39,0.1
2538,733,1169350,20,29,0.1
2539,732,1170082,18,18,0.1
2540,673,1170755,14,14,0.1
2541,738,1171493,18,21,0.1
2542,950,1172443,24,33,0.1
2543,1002,1173445,19,28,0.1
2544,764,1174209,19,19,0.1
2545,735,1174944,18,18,0.1
2546,708,1175652,18,21,0.1
2547,881,1176533,22,22,0.1
2548,978,1177511,24,33,0.1
2549,739,1178250,18,21,0.1
2550,584,1178834,14,14,0.1
2551,674,1179508,19,22,0.1
2552,532,1180040,13,19,0.1
2553,881,1180921,21,21,0.1
2554,666,1181587,17,23,0.1
2555,655,1182242,15,18,0.1
2556,699,1182941,16,19,0.1
2557,749,1183690,19,31,0.1
2558,773,1184463,21,27,0.1
2559,804,1185267,22,34,0.1
2560,331,1185598,6,9,0.1
2561,1076,1186674,24,33,0.1
2562,626,1187300,16,16,0.1
2563,648,1187948,18,18,0.1
2564,916,1188864,24,36,0.1
2565,780,1189644,21,24,0.1
2566,559,1190203,13,19,0.1
2567,650,1190853,14,20,0.1
2568,855,1191708,22,28,0.1
2569,783,1192491,19,28,0.1
2570,653,1193144,16,19,0.1
2571,762,1193906,19,22,0.1
2572,429,1194335,9,12,0.1
2573,1012,1195347,27,33,0.1
2574,603,1195950,16,22,0.1
2575,642,1196592,17,23,0.1
2576,692,1197284,18,24,0.1
2577,757,1198041,18,27,0.1
2578,636,1198677,14,20,0.1
2579,889,1199566,24,33,0.1
2580,1212,1200778,29,47,0.1
2581,918,1201696,24,36,0.1
2582,685,1202381,19,28,0.1
2583,819,1203200,22,25,0.1
2584,780,1203980,21,24,0.1
2585,718,1204698,18,24,0.1
2586,997,1205695,25,46,0.1
2587,848,1206543,22,25,0.1
2588,621,1207164,16,19,0.1
2589,657,1207821,15,18,0.1
2590,864,1208685,22,22,0.1
2591,695,1209380,19,25,0.1
2592,540,1209920,12,21,0.1
2593,774,1210694,20,29,0.1
2594,973,1211667,25,37,0.1
2595,887,1212554,24,39,0.1
2596,796,1213350,21,24,0.1
2597,752,1214102,20,26,0.1
2598,567,1214669,13,13,0.1
2599,835,1215504,22,31,0.1
2600,662,1216166,19,28,0.1
2601,743,1216909,18,18,0.1
2602,890,1217799,22,28,0.1
2603,493,1218292,11,17,0.1
2604,927,1219219,26,41,0.1
2605,742,1219961,19,19,0.1
2606,808,1220769,21,21,0.1
2607,571,1221340,15,18,0.1
2608,698,1222038,17,23,0.1
2609,335,1222373,7,13,0.1
2610,755,1223128,17,23,0.1
2611,531,1223659,14,20,0.1
2612,892,1224551,25,34,0.1
2613,638,1225189,14,20,0.1
2614,723,1225912,19,28,0.1
2615,665,1226577,17,23,0.1
2616,810,1227387,13,16,0.1
2617,563,1227950,12,18,0.1
2618,716,1228666,18,33,0.1
2619,594,1229260,11,14,0.1
2620,868,1230128,20,29,0.1
2621,785,1230913,20,29,0.1
2622,1194,1232107,30,39,0.1
2623,599,1232706,12,15,0.1
2624,966,1233672,23,38,0.1
2625,663,1234335,17,23,0.1
2626,877,1235212,22,31,0.1
2627,814,1236026,21,27,0.1
2628,1004,1237030,25,31,0.1
2629,988,1238018,26,29,0.1
2630,799,1238817,19,25,0.1
2631,512,1239329,12,21,0.1
2632,573,1239902,11,11,0.1
2633,952,1240854,24,36,0.1
2634,1060,1241914,29,41,0.1
2635,857,1242771,22,22,0.1
2636,882,1243653,24,27,0.1
2637,670,1244323,17,23,0.1
2638,666,1244989,18,24,0.1
2639,732,1245721,21,27,0.1
2640,824,1246545,22,28,0.1
2641,601,1247146,15,15,0.1
2642,798,1247944,24,45,0.1
2643,753,1248697,19,25,0.1
2644,460,1249157,9,9,0.1
2645,846,1250003,21,24,0.1
2646,738,1250741,19,25,0.1
2647,715,1251456,19,19,0.1
2648,914,1252370,24,30,0.1
2649,809,1253179,21,33,0.1
2650,631,1253810,15,18,0.1
2651,766,1254576,19,28,0.1
2652,932,1255508,24,33,0.1
2653,837,1256345,19,19,0.1
2654,801,1257146,19,22,0.1
2655,807,1257953,20,29,0.1
2656,682,1258635,16,16,0.1
2657,940,1259575,23,23,0.1
2658,598,1260173,15,15,0.1
2659,590,1260763,16,22,0.1
2660,736,1261499,20,26,0.1
2661,870,1262369,22,22,0.1
2662,822,1263191,23,29,0.1
2663,733,1263924,19,34,0.1
2664,658,1264582,16,28,0.1
2665,722,1265304,20,32,0.1
2666,700,1266004,17,23,0.1
2667,728,1266732,17,20,0.1
2668,647,1267379,15,21,0.1
2669,571,1267950,14,14,0.1
2670,712,1268662,18,18,0.1
2671,603,1269265,14,20,0.1
2672,695,1269960,18,24,0.1
2673,673,1270633,16,16,0.1
2674,820,1271453,21,27,0.1
2675,655,1272108,14,20,0.1
2676,874,1272982,23,26,0.1
2677,826,1273808,22,31,0.1
2678,784,1274592,20,23,0.1
2679,713,1275305,15,21,0.1
2680,592,1275897,14,20,0.1
2681,732,1276629,19,22,0.1
2682,572,1277201,13,16,0.1
2683,744,1277945,19,19,0.1
2684,696,1278641,14,17,0.1
2685,828,1279469,21,30,0.1
2686,915,1280384,26,32,0.1
2687,505,1280889,9,9,0.1
2688,678,1281567,15,21,0.1
2689,523,1282090,12,18,0.1
2690,728,1282818,21,30,0.1
2691,734,1283552,17,26,0.1
2692,692,1284244,16,19,0.1
2693,930,1285174,26,41,0.1
2694,653,1285827,13,13,0.1
2695,680,1286507,16,16,0.1
2696,786,1287293,19,22,0.1
2697,924,1288217,22,28,0.1
2698,647,1288864,16,25,0.1
2699,862,1289726,22,31,0.1
2700,524,1290250,13,16,0.1
2701,563,1290813,12,12,0.1
2702,566,1291379,13,19,0.1
2703,541,1291920,12,12,0.1
2704,917,1292837,22,31,0.1
2705,693,1293530,17,26,0.1
2706,1028,1294558,25,34,0.1
2707,601,1295159,13,16,0.1
2708,815,1295974,20,29,0.1
2709,910,1296884,20,26,0.1
2710,927,1297811,19,25,0.1
2711,729,1298540,19,22,0.1
2712,942,1299482,26,32,0.1
2713,749,1300231,17,17,0.1
2714,765,1300996,19,22,0.1
2715,667,1301663,15,15,0.1
2716,589,1302252,15,21,0.1
2717,788,1303040,20,26,0.1
2718,945,1303985,26,35,0.1
2719,785,1304770,22,28,0.1
2720,983,1305753,28,43,0.1
2721,654,1306407,15,18,0.1
2722,770,1307177,19,25,0.1
2723,717,1307894,18,21,0.1
2724,839,1308733,23,26,0.1
2725,657,1309390,17,23,0.1
2726,641,1310031,16,19,0.1
2727,794,1310825,22,31,0.1
2728,784,1311609,20,26,0.1
2729,823,1312432,23,35,0.1
2730,793,1313225,20,26,0.1
2731,1142,1314367,30,39,0.1
2732,875,1315242,23,32,0.1
2733,396,1315638,8,8,0.1
2734,561,1316199,12,18,0.1
2735,807,1317006,21,24,0.1
2736,671,1317677,16,16,0.1
2737,1007,1318684,26,32,0.1
2738,741,1319425,19,22,0.1
2739,498,1319923,11,11,0.1
2740,859,1320782,23,32,0.1
2741,711,1321493,20,29,0.1
2742,919,1322412,24,33,0.1
2743,566,1322978,14,14,0.1
2744,723,1323701,20,29,0.1
2745,899,1324600,21,30,0.1
2746,661,1325261,16,22,0.1
2747,712,1325973,18,30,0.1
2748,543,1326516,13,13,0.1
2749,684,1327200,17,20,0.1
2750,850,1328050,20,29,0.1
2751,977,1329027,26,41,0.1
2752,856,1329883,23,38,0.1
2753,821,1330704,23,38,0.1
2754,904,1331608,24,27,0.1
2755,654,1332262,17,20,0.1
2756,533,1332795,11,11,0.1
2757,767,1333562,20,29,0.1
2758,799,1334361,22,25,0.1
2759,833,1335194,21,27,0.1
2760,807,1336001,22,25,0.1
2761,629,1336630,15,21,0.1
2762,611,1337241,15,21,0.1
2763,616,1337857,16,22,0.1
2764,737,1338594,17,20,0.1
2765,799,1339393,21,33,0.1
2766,543,1339936,14,14,0.1
2767,650,1340586,16,16,0.1
2768,608,1341194,15,18,0.1
2769,689,1341883,17,29,0.1
2770,903,1342786,21,24,0.1
2771,767,1343553,17,23,0.1
2772,892,1344445,22,31,0.1
2773,498,1344943,11,11,0.1
2774,742,1345685,18,24,0.1
2775,511,1346196,11,14,0.1
2776,874,1347070,21,27,0.1
2777,799,1347869,20,29,0.1
2778,712,1348581,17,29,0.1
2779,577,1349158,14,14,0.1
2780,812,1349970,22,31,0.1
2781,587,1350557,16,16,0.1
2782,795,1351352,20,29,0.1
2783,799,1352151,22,31,0.1
2784,753,1352904,18,21,0.1
2785,595,1353499,14,23,0.1
2786,753,1354252,19,22,0.1
2787,751,1355003,20,20,0.1
2788,997,1356000,26,35,0.1
2789,1022,1357022,27,36,0.1
2790,616,1357638,14,14,0.1
2791,730,1358368,17,26,0.1
2792,917,1359285,21,30,0.1
2793,677,1359962,16,22,0.1
2794,804,1360766,22,37,0.1
2795,728,1361494,20,23,0.1
2796,1019,1362513,26,35,0.1
2797,1241,1363754,35,56,0.1
2798,916,1364670,23,26,0.1
2799,841,1365511,21,27,0.1
2800,923,1366434,23,29,0.1
2801,712,1367146,18,21,0.1
2802,880,1368026,22,25,0.1
2803,680,1368706,19,25,0.1
2804,982,1369688,25,31,0.1
2805,791,1370479,22,25,0.1
2806,885,1371364,23,32,0.1
2807,654,1372018,17,20,0.1
2808,507,1372525,11,11,0.1
2809,531,1373056,13,13,0.1
2810,597,1373653,15,15,0.1
2811,632,1374285,14,17,0.1
2812,793,1375078,20,23,0.1
2813,697,1375775,17,17,0.1
2814,797,1376572,22,25,0.1
2815,712,1377284,16,19,0.1
2816,590,1377874,16,19,0.1
2817,647,1378521,16,19,0.1
2818,1226,1379747,29,41,0.1
2819,589,1380336,14,17,0.1
2820,688,1381024,17,17,0.1
2821,852,1381876,21,24,0.1
2822,1024,1382900,26,29,0.1
2823,685,1383585,18,21,0.1
2824,837,1384422,20,23,0.1
2825,878,1385300,21,27,0.1
2826,941,1386241,24,36,0.1
2827,824,1387065,20,26,0.1
2828,670,1387735,17,20,0.1
2829,1140,1388875,29,47,0.1
2830,843,1389718,21,27,0.1
2831,956,1390674,26,29,0.1
2832,907,1391581,18,18,0.1
2833,957,1392538,26,35,0.1
2834,649,1393187,16,22,0.1
2835,799,1393986,21,24,0.1
2836,716,1394702,15,18,0.1
2837,801,1395503,21,30,0.1
2838,637,1396140,15,18,0.1
2839,759,1396899,17,20,0.1
2840,664,1397563,11,11,0.1
2841,858,1398421,23,35,0.1
2842,654,1399075,16,22,0.1
2843,895,1399970,23,29,0.1
2844,569,1400539,13,13,0.1
2845,578,1401117,16,25,0.1
2846,696,1401813,18,21,0.1
2847,867,1402680,22,31,0.1
2848,837,1403517,20,23,0.1
2849,690,1404207,17,29,0.1
2850,1008,1405215,26,35,0.1
2851,765,1405980,19,22,0.1
2852,717,1406697,19,22,0.1
2853,1017,1407714,28,37,0.1
2854,818,1408532,19,25,0.1
2855,894,1409426,21,30,0.1
2856,870,1410296,23,35,0.1
2857,1040,1411336,28,40,0.1
2858,1130,1412466,30,42,0.1
2859,541,1413007,10,10,0.1
2860,948,1413955,23,32,0.1
2861,548,1414503,12,18,0.1
2862,938,1415441,21,27,0.1
2863,661,1416102,16,22,0.1
2864,859,1416961,22,28,0.1
2865,937,1417898,24,33,0.1
2866,1019,1418917,26,32,0.1
2867,482,1419399,12,15,0.1
2868,911,1420310,25,34,0.1
2869,888,1421198,23,26,0.1
2870,674,1421872,17,23,0.1
2871,539,1422411,11,14,0.1
2872,739,1423150,20,32,0.1
2873,741,1423891,19,22,0.1
2874,647,1424538,15,21,0.1
2875,845,1425383,22,22,0.1
2876,789,1426172,20,23,0.1
2877,824,1426996,19,22,0.1
2878,955,1427951,25,34,0.1
2879,614,1428565,15,15,0.1
2880,1009,1429574,28,40,0.1
2881,915,1430489,25,37,0.1
2882,931,1431420,24,36,0.1
2883,885,1432305,21,30,0.1
2884,554,1432859,11,11,0.1
2885,978,1433837,24,30,0.1
2886,871,1434708,24,33,0.1
2887,750,1435458,19,22,0.1
2888,832,1436290,23,29,0.1
2889,662,1436952,16,22,0.1
2890,1053,1438005,29,50,0.1
2891,679,1438684,17,17,0.1
2892,810,1439494,20,23,0.1
2893,820,1440314,21,27,0.1
2894,1069,1441383,27,39,0.1
2895,1127,1442510,30,51,0.1
2896,657,1443167,17,17,0.1
2897,708,1443875,18,24,0.1
2898,894,1444769,22,25,0.1
2899,814,1445583,21,24,0.1
2900,502,1446085,13,19,0.1
2901,761,1446846,17,26,0.1
2902,824,1447670,19,22,0.1
2903,846,1448516,21,27,0.1
2904,503,1449019,13,16,0.1
2905,770,1449789,18,18,0.1
2906,936,1450725,23,29,0.1
2907,812,1451537,20,26,0.1
2908,819,1452356,22,31,0.1
2909,560,1452916,13,13,0.1
2910,1054,1453970,28,37,0.1
2911,1132,1455102,31,46,0.1
2912,1200,1456302,35,65,0.1
2913,494,1456796,13,19,0.1
2914,633,1457429,16,22,0.1
2915,1037,1458466,24,30,0.1
2916,1018,1459484,29,44,0.1
2917,632,1460116,15,15,0.1
2918,683,1460799,18,24,0.1
2919,786,1461585,22,37,0.1
2920,580,1462165,16,22,0.1
2921,719,1462884,20,35,0.1
2922,847,1463731,23,26,0.1
2923,1052,1464783,26,41,0.1
2924,665,1465448,18,27,0.1
2925,690,1466138,19,28,0.1
2926,1145,1467283,28,40,0.1
2927,679,1467962,16,16,0.1
2928,732,1468694,19,19,0.1
2929,1059,1469753,27,39,0.1
2930,798,1470551,20,26,0.1
2931,778,1471329,21,33,0.1
2932,349,1471678,7,7,0.1
2933,769,1472447,20,26,0.1
2934,669,1473116,18,24,0.1
2935,1085,1474201,30,45,0.1
2936,721,1474922,19,22,0.1
2937,643,1475565,18,24,0.1
2938,1014,1476579,28,37,0.1
2939,647,1477226,18,24,0.1
2940,1001,1478227,27,33,0.1
2941,704,1478931,18,21,0.1
2942,825,1479756,23,41,0.1
2943,1130,1480886,31,52,0.1
2944,625,1481511,16,16,0.1
2945,751,1482262,20,23,0.1
2946,430,1482692,9,9,0.1
2947,672,1483364,17,20,0.1
2948,713,1484077,20,26,0.1
2949,1059,1485136,27,39,0.1
2950,1085,1486221,27,42,0.1
2951,1029,1487250,28,43,0.1
2952,679,1487929,17,17,0.1
2953,685,1488614,18,24,0.1
2954,583,1489197,14,17,0.1
2955,689,1489886,18,27,0.1
2956,835,1490721,21,27,0.1
2957,1476,1492197,37,55,0.1
2958,627,1492824,14,20,0.1
2959,376,1493200,8,11,0.1
2960,536,1493736,10,10,0.1
2961,1041,1494777,26,38,0.1
2962,703,1495480,19,28,0.1
2963,807,1496287,23,29,0.1
2964,596,1496883,13,13,0.1
2965,777,1497660,21,30,0.1
2966,916,1498576,25,40,0.1
2967,816,1499392,22,28,0.1
2968,766,1500158,18,18,0.1
2969,1027,1501185,26,41,0.1
2970,788,1501973,21,27,0.1
2971,851,1502824,22,25,0.1
2972,741,1503565,17,26,0.1
2973,914,1504479,24,33,0.1
2974,573,1505052,15,24,0.1
2975,904,1505956,25,34,0.1
2976,1092,1507048,28,34,0.1
2977,898,1507946,25,43,0.1
2978,1118,1509064,29,41,0.1
2979,605,1509669,16,28,0.1
2980,937,1510606,24,36,0.1
2981,697,1511303,16,22,0.1
2982,853,1512156,23,32,0.1
2983,875,1513031,23,29,0.1
2984,868,1513899,21,24,0.1
2985,993,1514892,24,30,0.1
2986,832,1515724,22,34,0.1
2987,693,1516417,18,27,0.1
2988,941,1517358,25,31,0.1
2989,701,1518059,17,20,0.1
2990,644,1518703,14,17,0.1
2991,754,1519457,19,22,0.1
2992,870,1520327,23,32,0.1
2993,815,1521142,22,34,0.1
2994,776,1521918,22,34,0.1
2995,611,1522529,14,17,0.1
2996,740,1523269,17,20,0.1
2997,657,1523926,16,19,0.1
2998,576,1524502,14,14,0.1
2999,846,1525348,20,29,0.1
3000,813,1526161,21,27,0.1
3001,698,1526859,18,24,0.1
3002,673,1527532,19,28,0.1
3003,808,1528340,20,23,0.1
3004,843,1529183,22,25,0.1
3005,963,1530146,27,36,0.1
3006,647,1530793,16,25,0.1
3007,857,1531650,22,31,0.1
3008,956,1532606,25,31,0.1
3009,753,1533359,19,25,0.1
3010,829,1534188,23,38,0.1
3011,633,1534821,15,18,0.1
3012,1060,1535881,23,26,0.1
3013,553,1536434,13,16,0.1
3014,853,1537287,24,33,0.1
3015,602,1537889,14,20,0.1
3016,756,1538645,20,29,0.1
3017,736,1539381,19,28,0.1
3018,839,1540220,22,34,0.1
3019,986,1541206,24,30,0.1
3020,714,1541920,16,19,0.1
3021,1040,1542960,28,43,0.1
3022,745,1543705,19,28,0.1
3023,622,1544327,15,21,0.1
3024,753,1545080,19,25,0.1
3025,624,1545704,15,24,0.1
3026,636,1546340,15,24,0.1
3027,635,1546975,16,19,0.1
3028,641,1547616,16,19,0.1
3029,792,1548408,18,24,0.1
3030,674,1549082,15,15,0.1
3031,824,1549906,22,34,0.1
3032,926,1550832,23,26,0.1
3033,901,1551733,23,26,0.1
3034,787,1552520,20,23,0.1
3035,887,1553407,22,25,0.1
3036,660,1554067,16,19,0.1
3037,951,1555018,26,35,0.1
3038,837,1555855,21,27,0.1
3039,615,1556470,15,18,0.1
3040,913,1557383,25,31,0.1
3041,584,1557967,15,18,0.1
3042,517,1558484,14,32,0.1
3043,831,1559315,18,24,0.1
3044,930,1560245,27,39,0.1
3045,618,1560863,15,15,0.1
3046,667,1561530,17,20,0.1
3047,840,1562370,22,34,0.1
3048,890,1563260,24,30,0.1
3049,877,1564137,23,35,0.1
3050,717,1564854,19,28,0.1
3051,859,1565713,22,31,0.1
3052,934,1566647,25,34,0.1
3053,889,1567536,23,29,0.1
3054,629,1568165,16,16,0.1
3055,734,1568899,20,26,0.1
3056,1006,1569905,25,40,0.1
3057,784,1570689,21,24,0.1
3058,820,1571509,21,30,0.1
3059,1058,1572567,26,29,0.1
3060,755,1573322,19,25,0.1
3061,689,1574011,19,25,0.1
3062,608,1574619,16,22,0.1
3063,638,1575257,16,22,0.1
3064,700,1575957,19,25,0.1
3065,755,1576712,18,30,0.1
3066,999,1577711,26,44,0.1
3067,862,1578573,23,29,0.1
3068,784,1579357,21,27,0.1
3069,750,1580107,20,29,0.1
3070,1033,1581140,27,42,0.1
3071,786,1581926,21,27,0.1
3072,667,1582593,16,16,0.1
3073,311,1582904,6,6,0.1
3074,731,1583635,18,27,0.1
3075,825,1584460,18,24,0.1
3076,925,1585385,25,34,0.1
3077,801,1586186,23,35,0.1
3078,819,1587005,19,22,0.1
3079,901,1587906,22,31,0.1
3080,786,1588692,20,23,0.1
3081,830,1589522,22,28,0.1
3082,768,1590290,20,29,0.1
3083,840,1591130,22,28,0.1
3084,856,1591986,24,30,0.1
3085,951,1592937,24,27,0.1
3086,722,1593659,18,21,0.1
3087,762,1594421,19,19,0.1
3088,861,1595282,22,25,0.1
3089,475,1595757,9,9,0.1
3090,653,1596410,16,22,0.1
3091,659,1597069,15,18,0.1
3092,824,1597893,22,31,0.1
3093,915,1598808,22,31,0.1
3094,641,1599449,17,23,0.1
3095,688,1600137,16,19,0.1
3096,1096,1601233,30,48,0.1
3097,925,1602158,25,28,0.1
3098,713,1602871,19,25,0.1
3099,729,1603600,19,25,0.1
3100,741,1604341,19,19,0.1
3101,519,1604860,13,13,0.1
3102,673,1605533,18,21,0.1
3103,719,1606252,17,17,0.1
3104,762,1607014,19,22,0.1
3105,610,1607624,16,19,0.1
3106,885,1608509,25,28,0.1
3107,876,1609385,24,39,0.1
3108,681,1610066,17,23,0.1
3109,934,1611000,24,27,0.1
3110,878,1611878,23,38,0.1
3111,809,1612687,20,29,0.1
3112,775,1613462,22,25,0.1
3113,634,1614096,16,19,0.1
3114,642,1614738,16,25,0.1
3115,913,1615651,24,24,0.1
3116,940,1616591,27,45,0.1
3117,863,1617454,24,33,0.1
3118,459,1617913,10,10,0.1
3119,681,1618594,16,16,0.1
3120,725,1619319,20,29,0.1
3121,491,1619810,11,11,0.1
3122,625,1620435,16,22,0.1
3123,817,1621252,22,25,0.1
3124,867,1622119,24,33,0.1
3125,476,1622595,11,11,0.1
3126,744,1623339,18,27,0.1
3127,844,1624183,22,31,0.1
3128,909,1625092,23,29,0.1
3129,895,1625987,24,30,0.1
3130,876,1626863,23,29,0.1
3131,893,1627756,23,29,0.1
3132,742,1628498,20,26,0.1
3133,1485,1629983,40,58,0.1
3134,945,1630928,25,31,0.1
3135,1028,1631956,27,36,0.1
3136,697,1632653,18,24,0.1
3137,740,1633393,20,26,0.1
3138,964,1634357,26,47,0.1
3139,986,1635343,25,31,0.1
3140,680,1636023,17,23,0.1
3141,852,1636875,21,24,0.1
3142,1008,1637883,28,34,0.1
3143,644,1638527,17,23,0.1
3144,562,1639089,12,15,0.1
3145,1052,1640141,29,35,0.1
3146,894,1641035,23,38,0.1
3147,766,1641801,21,27,0.1
3148,806,1642607,22,34,0.1
3149,971,1643578,24,33,0.1
3150,546,1644124,14,17,0.1
3151,659,1644783,18,21,0.1
3152,818,1645601,24,36,0.1
3153,476,1646077,10,16,0.1
3154,749,1646826,18,21,0.1
3155,739,1647565,18,27,0.1
3156,805,1648370,21,27,0.1
3157,998,1649368,26,38,0.1
3158,721,1650089,17,23,0.1
3159,807,1650896,21,27,0.1
3160,907,1651803,22,25,0.1
3161,730,1652533,16,19,0.1
3162,805,1653338,21,24,0.1
3163,1168,1654506,33,54,0.1
3164,973,1655479,27,33,0.1
3165,826,1656305,22,40,0.1
3166,1062,1657367,28,40,0.1
3167,996,1658363,26,41,0.1
3168,909,1659272,25,37,0.1
3169,880,1660152,22,28,0.1
3170,1299,1661451,31,49,0.1
3171,1089,1662540,28,40,0.1
3172,1041,1663581,24,33,0.1
3173,862,1664443,22,25,0.1
3174,851,1665294,25,34,0.1
3175,777,1666071,22,34,0.1
3176,986,1667057,25,28,0.1
3177,645,1667702,17,26,0.1
3178,770,1668472,19,22,0.1
3179,822,1669294,24,33,0.1
3180,805,1670099,22,22,0.1
3181,641,1670740,17,20,0.1
3182,602,1671342,15,15,0.1
3183,936,1672278,27,39,0.1
3184,652,1672930,17,26,0.1
3185,710,1673640,17,17,0.1
3186,846,1674486,21,27,0.1
3187,751,1675237,20,26,0.1
3188,621,1675858,15,18,0.1
3189,732,1676590,18,21,0.1
3190,1104,1677694,30,45,0.1
3191,858,1678552,23,32,0.1
3192,627,1679179,17,20,0.1
3193,881,1680060,24,33,0.1
3194,966,1681026,27,33,0.1
3195,704,1681730,18,27,0.1
3196,722,1682452,19,28,0.1
3197,733,1683185,18,24,0.1
3198,727,1683912,17,20,0.1
3199,818,1684730,19,28,0.1
3200,967,1685697,24,27,0.1
3201,1012,1686709,24,33,0.1
3202,783,1687492,18,21,0.1
3203,721,1688213,18,24,0.1
3204,820,1689033,21,27,0.1
3205,880,1689913,24,39,0.1
3206,749,1690662,19,19,0.1
3207,952,1691614,22,25,0.1
3208,1158,1692772,33,57,0.1
3209,893,1693665,24,36,0.1
3210,855,1694520,22,25,0.1
3211,716,1695236,19,19,0.1
3212,865,1696101,24,33,0.1
3213,827,1696928,20,26,0.1
3214,667,1697595,16,19,0.1
3215,462,1698057,12,12,0.1
3216,932,1698989,25,37,0.1
3217,606,1699595,17,26,0.1
3218,682,1700277,18,21,0.1
3219,757,1701034,17,17,0.1
3220,673,1701707,16,22,0.1
3221,773,1702480,20,23,0.1
3222,836,1703316,21,27,0.1
3223,594,1703910,14,14,0.1
3224,395,1704305,9,15,0.1
3225,932,1705237,24,39,0.1
3226,993,1706230,27,36,0.1
3227,877,1707107,23,32,0.1
3228,648,1707755,16,19,0.1
3229,876,1708631,24,36,0.1
3230,1198,1709829,30,45,0.1
3231,822,1710651,22,25,0.1
3232,944,1711595,24,27,0.1
3233,1104,1712699,29,44,0.1
3234,1056,1713755,28,37,0.1
3235,775,1714530,21,27,0.1
3236,826,1715356,22,37,0.1
3237,812,1716168,21,27,0.1
3238,927,1717095,24,30,0.1
3239,930,1718025,22,28,0.1
3240,1174,1719199,32,41,0.1
3241,725,1719924,20,26,0.1
3242,790,1720714,23,35,0.1
3243,1081,1721795,28,43,0.1
3244,680,1722475,16,19,0.1
3245,815,1723290,22,28,0.1
3246,715,1724005,17,23,0.1
3247,828,1724833,22,34,0.1
3248,1078,1725911,25,37,0.1
3249,776,1726687,19,19,0.1
3250,650,1727337,16,19,0.1
3251,1167,1728504,31,43,0.1
3252,1056,1729560,26,41,0.1
3253,481,1730041,13,22,0.1
3254,1002,1731043,25,34,0.1
3255,759,1731802,21,27,0.1
3256,687,1732489,19,34,0.1
3257,652,1733141,14,14,0.1
3258,774,1733915,19,22,0.1
3259,524,1734439,12,12,0.1
3260,729,1735168,18,24,0.1
3261,847,1736015,21,24,0.1
3262,806,1736821,20,26,0.1
3263,551,1737372,13,19,0.1
3264,511,1737883,13,16,0.1
3265,959,1738842,25,34,0.1
3266,685,1739527,17,20,0.1
3267,867,1740394,25,37,0.1
3268,590,1740984,15,15,0.1
3269,959,1741943,22,31,0.1
3270,866,1742809,22,28,0.1
3271,837,1743646,24,33,0.1
3272,510,1744156,12,18,0.1
3273,976,1745132,26,41,0.1
3274,580,1745712,13,19,0.1
3275,1043,1746755,28,37,0.1
3276,800,1747555,23,29,0.1
3277,359,1747914,7,7,0.1
3278,932,1748846,25,28,0.1
3279,758,1749604,20,26,0.1
3280,735,1750339,18,21,0.1
3281,908,1751247,24,36,0.1
3282,748,1751995,18,21,0.1
3283,728,1752723,17,20,0.1
3284,1166,1753889,32,47,0.1
3285,876,1754765,23,32,0.1
3286,621,1755386,16,22,0.1
3287,888,1756274,22,28,0.1
3288,601,1756875,14,14,0.1
3289,771,1757646,20,29,0.1
3290,769,1758415,20,29,0.1
3291,1020,1759435,27,36,0.1
3292,933,1760368,24,39,0.1
3293,728,1761096,18,21,0.1
3294,975,1762071,24,30,0.1
3295,783,1762854,22,37,0.1
3296,779,1763633,21,27,0.1
3297,1144,1764777,31,49,0.1
3298,487,1765264,12,15,0.1
3299,896,1766160,25,31,0.1
3300,800,1766960,21,24,0.1
3301,686,1767646,18,18,0.1
3302,820,1768466,21,21,0.1
3303,727,1769193,17,17,0.1
3304,1376,1770569,36,54,0.1
3305,758,1771327,21,27,0.1
3306,830,1772157,21,24,0.1
3307,784,1772941,21,27,0.1
3308,1001,1773942,25,28,0.1
3309,792,1774734,20,26,0.1
3310,875,1775609,22,28,0.1
3311,929,1776538,26,35,0.1
3312,1095,1777633,29,41,0.1
3313,504,1778137,12,15,0.1
3314,642,1778779,17,20,0.1
3315,627,1779406,16,22,0.1
3316,1032,1780438,27,33,0.1
3317,851,1781289,23,29,0.1
3318,816,1782105,21,24,0.1
3319,862,1782967,23,26,0.1
3320,872,1783839,21,30,0.1
3321,727,1784566,20,26,0.1
3322,874,1785440,22,28,0.1
3323,902,1786342,23,35,0.1
3324,989,1787331,26,32,0.1
3325,799,1788130,21,27,0.1
3326,1073,1789203,29,32,0.1
3327,647,1789850,14,17,0.1
3328,938,1790788,22,25,0.1
3329,756,1791544,21,30,0.1
3330,604,1792148,15,33,0.1
3331,689,1792837,17,17,0.1
3332,779,1793616,21,24,0.1
3333,1030,1794646,28,37,0.1
3334,502,1795148,11,11,0.1
3335,717,1795865,18,21,0.1
3336,634,1796499,18,30,0.1
3337,1098,1797597,29,44,0.1
3338,940,1798537,24,30,0.1
3339,921,1799458,25,37,0.1
3340,813,1800271,20,32,0.1
3341,609,1800880,12,12,0.1
3342,807,1801687,22,31,0.1
3343,771,1802458,18,21,0.1
3344,694,1803152,17,23,0.1
3345,584,1803736,14,14,0.1
3346,846,1804582,22,28,0.1
3347,1034,1805616,28,37,0.1
3348,1015,1806631,27,36,0.1
3349,569,1807200,13,16,0.1
3350,626,1807826,17,23,0.1
3351,874,1808700,24,30,0.1
3352,843,1809543,21,27,0.1
3353,728,1810271,19,22,0.1
3354,784,1811055,21,27,0.1
3355,759,1811814,18,21,0.1
3356,777,1812591,21,24,0.1
3357,1027,1813618,27,39,0.1
3358,943,1814561,26,38,0.1
3359,1073,1815634,28,37,0.1
3360,636,1816270,16,16,0.1
3361,536,1816806,14,17,0.1
3362,737,1817543,21,21,0.1
3363,866,1818409,23,26,0.1
3364,702,1819111,19,25,0.1
3365,674,1819785,17,20,0.1
3366,890,1820675,22,28,0.1
3367,709,1821384,19,22,0.1
3368,787,1822171,21,27,0.1
3369,543,1822714,11,11,0.1
3370,735,1823449,18,18,0.1
3371,716,1824165,17,20,0.1
3372,1060,1825225,28,40,0.1
3373,835,1826060,24,30,0.1
3374,709,1826769,18,18,0.1
3375,892,1827661,24,33,0.1
3376,787,1828448,20,35,0.1
3377,821,1829269,21,21,0.1
3378,684,1829953,17,26,0.1
3379,858,1830811,21,21,0.1
3380,893,1831704,23,29,0.1
3381,1118,1832822,30,45,0.1
3382,446,1833268,10,13,0.1
3383,801,1834069,20,26,0.1
3384,1018,1835087,24,27,0.1
3385,1039,1836126,26,38,0.1
3386,1037,1837163,27,30,0.1
3387,791,1837954,21,27,0.1
3388,1199,1839153,30,48,0.1
3389,492,1839645,11,14,0.1
3390,761,1840406,21,30,0.1
3391,825,1841231,21,27,0.1
3392,787,1842018,21,33,0.1
3393,892,1842910,24,33,0.1
3394,611,1843521,15,21,0.1
3395,999,1844520,27,42,0.1
3396,694,1845214,18,30,0.1
3397,953,1846167,24,33,0.1
3398,839,1847006,16,25,0.1
3399,1035,1848041,27,39,0.1
3400,926,1848967,24,36,0.1
3401,725,1849692,18,18,0.1
3402,1208,1850900,34,58,0.1
3403,728,1851628,19,22,0.1
3404,681,1852309,16,16,0.1
3405,998,1853307,28,37,0.1
3406,1233,1854540,34,43,0.1
3407,578,1855118,15,21,0.1
3408,864,1855982,19,22,0.1
3409,552,1856534,13,13,0.1
3410,700,1857234,18,18,0.1
3411,600,1857834,16,25,0.1
3412,576,1858410,16,25,0.1
3413,717,1859127,20,23,0.1
3414,569,1859696,12,18,0.1
3415,873,1860569,24,36,0.1
3416,1197,1861766,32,50,0.1
3417,830,1862596,22,28,0.1
3418,675,1863271,18,21,0.1
3419,893,1864164,25,34,0.1
3420,1206,1865370,32,50,0.1
3421,740,1866110,20,29,0.1
3422,860,1866970,16,16,0.1
3423,627,1867597,16,22,0.1
3424,1002,1868599,26,35,0.1
3425,864,1869463,23,38,0.1
3426,828,1870291,18,24,0.1
3427,816,1871107,21,33,0.1
3428,570,1871677,13,13,0.1
3429,685,1872362,19,28,0.1
3430,746,1873108,21,30,0.1
3431,628,1873736,16,16,0.1
3432,699,1874435,18,18,0.1
3433,762,1875197,18,21,0.1
3434,966,1876163,24,33,0.1
3435,725,1876888,19,31,0.1
3436,825,1877713,24,27,0.1
3437,1049,1878762,29,38,0.1
3438,567,1879329,14,17,0.1
3439,696,1880025,18,30,0.1
3440,718,1880743,17,20,0.1
3441,1069,1881812,28,34,0.1
3442,929,1882741,24,33,0.1
3443,858,1883599,21,30,0.1
3444,938,1884537,25,34,0.1
3445,697,1885234,18,21,0.1
3446,967,1886201,26,35,0.1
3447,741,1886942,17,17,0.1
3448,775,1887717,21,30,0.1
3449,806,1888523,21,24,0.1
3450,605,1889128,16,19,0.1
3451,794,1889922,20,20,0.1
3452,819,1890741,19,22,0.1
3453,610,1891351,15,15,0.1
3454,465,1891816,9,15,0.1
3455,666,1892482,17,20,0.1
3456,781,1893263,20,29,0.1
3457,536,1893799,13,13,0.1
3458,860,1894659,25,31,0.1
3459,784,1895443,22,34,0.1
3460,821,1896264,23,23,0.1
3461,803,1897067,21,24,0.1
3462,760,1897827,20,20,0.1
3463,914,1898741,26,35,0.1
3464,545,1899286,14,17,0.1
3465,401,1899687,9,9,0.1
3466,743,1900430,19,28,0.1
3467,763,1901193,21,24,0.1
3468,668,1901861,17,20,0.1
3469,680,1902541,16,22,0.1
3470,777,1903318,21,30,0.1
3471,789,1904107,21,27,0.1
3472,692,1904799,19,25,0.1
3473,835,1905634,23,35,0.1
3474,943,1906577,26,38,0.1
3475,800,1907377,20,26,0.1
3476,640,1908017,17,20,0.1
3477,979,1908996,26,32,0.1
3478,815,1909811,19,31,0.1
3479,661,1910472,16,16,0.1
3480,1040,1911512,28,37,0.1
3481,991,1912503,23,32,0.1
3482,634,1913137,16,22,0.1
3483,937,1914074,23,29,0.1
3484,881,1914955,25,34,0.1
3485,656,1915611,17,20,0.1
3486,818,1916429,21,27,0.1
3487,563,1916992,13,16,0.1
3488,613,1917605,16,22,0.1
3489,821,1918426,21,30,0.1
3490,1047,1919473,27,36,0.1
3491,511,1919984,13,22,0.1
3492,872,1920856,24,33,0.1
3493,596,1921452,15,15,0.1
3494,717,1922169,17,20,0.1
3495,840,1923009,24,36,0.1
3496,1174,1924183,32,41,0.1
3497,699,1924882,18,24,0.1
3498,582,1925464,14,14,0.1
3499,809,1926273,22,34,0.1
3500,855,1927128,24,30,0.1
3501,746,1927874,20,26,0.1
3502,682,1928556,16,19,0.1
3503,641,1929197,15,18,0.1
3504,888,1930085,23,29,0.1
3505,1080,1931165,27,42,0.1
3506,991,1932156,25,31,0.1
3507,674,1932830,18,24,0.1
3508,873,1933703,22,28,0.1
3509,1056,1934759,28,43,0.1
3510,766,1935525,20,26,0.1
3511,965,1936490,24,27,0.1
3512,913,1937403,21,27,0.1
3513,748,1938151,20,29,0.1
3514,664,1938815,18,27,0.1
3515,962,1939777,24,33,0.1
3516,807,1940584,22,28,0.1
3517,834,1941418,22,28,0.1
3518,830,1942248,21,33,0.1
3519,844,1943092,25,34,0.1
3520,973,1944065,24,36,0.1
3521,797,1944862,23,35,0.1
3522,739,1945601,19,19,0.1
3523,1024,1946625,27,36,0.1
3524,635,1947260,16,22,0.1
3525,728,1947988,20,23,0.1
3526,861,1948849,24,36,0.1
3527,881,1949730,21,39,0.1
3528,496,1950226,11,11,0.1
3529,920,1951146,23,32,0.1
3530,899,1952045,23,32,0.1
3531,842,1952887,24,30,0.1
3532,1056,1953943,29,47,0.1
3533,875,1954818,24,30,0.1
3534,815,1955633,18,24,0.1
3535,780,1956413,20,32,0.1
3536,1221,1957634,32,50,0.1
3537,756,1958390,21,30,0.1
3538,668,1959058,16,22,0.1
3539,687,1959745,16,19,0.1
3540,916,1960661,26,44,0.1
3541,889,1961550,25,37,0.1
3542,663,1962213,16,19,0.1
3543,854,1963067,21,27,0.1
3544,1003,1964070,28,46,0.1
3545,806,1964876,19,22,0.1
3546,856,1965732,23,29,0.1
3547,843,1966575,22,25,0.1
3548,720,1967295,20,32,0.1
3549,963,1968258,18,18,0.1
3550,850,1969108,24,36,0.1
3551,884,1969992,23,29,0.1
3552,823,1970815,23,29,0.1
3553,834,1971649,21,24,0.1
3554,947,1972596,24,30,0.1
3555,967,1973563,25,31,0.1
3556,946,1974509,26,41,0.1
3557,636,1975145,17,26,0.1
3558,710,1975855,20,26,0.1
3559,663,1976518,17,26,0.1
3560,1044,1977562,29,41,0.1
3561,825,1978387,19,25,0.1
3562,701,1979088,18,24,0.1
3563,1092,1980180,28,34,0.1
3564,785,1980965,21,24,0.1
3565,908,1981873,24,36,0.1
3566,850,1982723,21,27,0.1
3567,626,1983349,15,15,0.1
3568,827,1984176,22,22,0.1
3569,692,1984868,18,27,0.1
3570,790,1985658,19,22,0.1
3571,764,1986422,19,22,0.1
3572,630,1987052,15,18,0.1
3573,653,1987705,13,16,0.1
3574,996,1988701,25,28,0.1
3575,874,1989575,25,31,0.1
3576,776,1990351,22,28,0.1
3577,802,1991153,22,28,0.1
3578,765,1991918,21,21,0.1
3579,815,1992733,21,21,0.1
3580,657,1993390,17,20,0.1
3581,774,1994164,20,32,0.1
3582,794,1994958,22,28,0.1
3583,937,1995895,25,40,0.1
3584,827,1996722,21,21,0.1
3585,683,1997405,18,27,0.1
3586,1085,1998490,28,40,0.1
3587,604,1999094,15,15,0.1
3588,1084,2000178,29,41,0.1
3589,801,2000979,19,22,0.1
3590,721,2001700,16,22,0.1
3591,907,2002607,26,32,0.1
3592,825,2003432,21,27,0.1
3593,941,2004373,24,36,0.1
3594,866,2005239,22,37,0.1
3595,690,2005929,18,27,0.1
3596,657,2006586,17,17,0.1
3597,801,2007387,20,23,0.1
3598,734,2008121,18,27,0.1
3599,770,2008891,20,26,0.1
3600,1039,2009930,27,39,0.1
3601,783,2010713,22,28,0.1
3602,974,2011687,26,38,0.1
3603,902,2012589,25,28,0.1
3604,705,2013294,18,24,0.1
3605,909,2014203,23,29,0.1
3606,927,2015130,25,34,0.1
3607,1067,2016197,29,41,0.1
3608,900,2017097,22,31,0.1
3609,941,2018038,25,31,0.1
3610,904,2018942,23,32,0.1
3611,907,2019849,24,33,0.1
3612,729,2020578,19,28,0.1
3613,661,2021239,16,25,0.1
3614,713,2021952,20,29,0.1
3615,685,2022637,18,27,0.1
3616,1258,2023895,37,61,0.1
3617,902,2024797,25,31,0.1
3618,1010,2025807,25,34,0.1
3619,751,2026558,21,30,0.1
3620,790,2027348,19,19,0.1
3621,790,2028138,20,23,0.1
3622,782,2028920,20,29,0.1
3623,643,2029563,13,19,0.1
3624,749,2030312,20,26,0.1
3625,703,2031015,18,18,0.1
3626,758,2031773,21,30,0.1
3627,890,2032663,21,24,0.1
3628,766,2033429,21,24,0.1
3629,1015,2034444,27,36,0.1
3630,808,2035252,21,27,0.1
3631,838,2036090,23,26,0.1
3632,1050,2037140,27,33,0.1
3633,659,2037799,16,25,0.1
3634,610,2038409,16,19,0.1
3635,827,2039236,22,25,0.1
3636,439,2039675,10,10,0.1
3637,782,2040457,21,24,0.1
3638,763,2041220,17,17,0.1
3639,650,2041870,18,27,0.1
3640,771,2042641,21,33,0.1
3641,684,2043325,17,17,0.1
3642,733,2044058,19,22,0.1
3643,755,2044813,20,26,0.1
3644,886,2045699,23,32,0.1
3645,682,2046381,17,17,0.1
3646,865,2047246,24,30,0.1
3647,852,2048098,20,26,0.1
3648,796,2048894,20,26,0.1
3649,582,2049476,14,17,0.1
3650,894,2050370,25,34,0.1
3651,979,2051349,27,39,0.1
3652,659,2052008,17,23,0.1
3653,610,2052618,16,19,0.1
3654,588,2053206,14,14,0.1
3655,802,2054008,22,31,0.1
3656,1036,2055044,29,38,0.1
3657,808,2055852,20,23,0.1
3658,465,2056317,11,11,0.1
3659,719,2057036,18,18,0.1
3660,690,2057726,14,17,0.1
3661,900,2058626,23,23,0.1
3662,725,2059351,19,19,0.1
3663,1049,2060400,26,35,0.1
3664,1107,2061507,31,49,0.1
3665,458,2061965,11,14,0.1
3666,1125,2063090,28,34,0.1
3667,606,2063696,15,21,0.1
3668,879,2064575,24,27,0.1
3669,768,2065343,19,22,0.1
3670,776,2066119,23,38,0.1
3671,699,2066818,17,23,0.1
3672,568,2067386,14,17,0.1
3673,794,2068180,21,21,0.1
3674,727,2068907,19,25,0.1
3675,769,2069676,22,37,0.1
3676,722,2070398,17,20,0.1
3677,732,2071130,19,28,0.1
3678,668,2071798,16,19,0.1
3679,634,2072432,18,27,0.1
3680,931,2073363,26,38,0.1
3681,1062,2074425,28,43,0.1
3682,768,2075193,21,24,0.1
3683,831,2076024,22,31,0.1
3684,822,2076846,22,31,0.1
3685,1100,2077946,30,39,0.1
3686,1052,2078998,29,44,0.1
3687,672,2079670,17,23,0.1
3688,723,2080393,18,21,0.1
3689,564,2080957,14,14,0.1
3690,920,2081877,23,23,0.1
3691,947,2082824,24,30,0.1
3692,619,2083443,14,20,0.1
3693,666,2084109,18,27,0.1
3694,707,2084816,18,18,0.1
3695,790,2085606,21,27,0.1
3696,851,2086457,21,30,0.1
3697,919,2087376,24,30,0.1
3698,1019,2088395,28,43,0.1
3699,846,2089241,22,28,0.1
3700,1043,2090284,26,38,0.1
3701,765,2091049,20,23,0.1
3702,857,2091906,20,29,0.1
3703,790,2092696,22,31,0.1
3704,822,2093518,22,31,0.1
3705,718,2094236,18,18,0.1
3706,663,2094899,18,24,0.1
3707,501,2095400,11,11,0.1
3708,735,2096135,20,20,0.1
3709,980,2097115,26,38,0.1
3710,591,2097706,15,24,0.1
3711,508,2098214,11,11,0.1
3712,758,2098972,19,22,0.1
3713,829,2099801,23,38,0.1
3714,860,2100661,24,36,0.1
